"Peptide","-10LgP","Mass","Length","ppm","m/z","z","RT","Area H4_120s_100uLmin","Area H4_120s_200uLmin","Area H4_120s_300uLmin","Area H4_180s_100uLmin","Area H4_180s_200uLmin","Area H4_180s_300uLmin","Area H4_60s_100uLmin","Area H4_60s_200uLmin","Area H4_60s_300uLmin","Intensity H4_120s_100uLmin","Intensity H4_120s_200uLmin","Intensity H4_120s_300uLmin","Intensity H4_180s_100uLmin","Intensity H4_180s_200uLmin","Intensity H4_180s_300uLmin","Intensity H4_60s_100uLmin","Intensity H4_60s_200uLmin","Intensity H4_60s_300uLmin","Scan","Source File","#Spec","#Spec H4_120s_100uLmin","#Spec H4_120s_200uLmin","#Spec H4_120s_300uLmin","#Spec H4_180s_100uLmin","#Spec H4_180s_200uLmin","#Spec H4_180s_300uLmin","#Spec H4_60s_100uLmin","#Spec H4_60s_200uLmin","#Spec H4_60s_300uLmin","Accession","PTM","AScore","Decoy"
AKRKTVTA,20.73,873.5396,8,-3.1,292.1862,3,2.0955,5.09E4,,,,,,,3.4E4,,3.33E5,,,,,,,2.09E5,,271,"H4_ETD_z2_8_1ug_Dig120s_100uLmin_01.raw",2,1,0,0,0,0,0,0,1,0,"P62805|H4_HUMAN;Q99525|H4G_HUMAN","",,False
AKRKTVTAM,34.55,1004.5801,9,0.6,335.8675,3,3.6059,5.25E4,8.74E5,2.01E5,1.18E5,6.89E4,1.02E5,2.87E4,9.8E4,1.68E5,3.58E5,7.03E6,1.39E6,8.96E5,6.33E5,1.08E6,3.67E5,8.59E5,1.19E6,489,"H4_ETD_z2_8_1ug_Dig120s_200uLmin_01.raw",9,1,1,1,1,1,1,1,1,1,"P62805|H4_HUMAN;Q99525|H4G_HUMAN","",,False
AKRKTVTAMD,44.67,1119.6071,10,1.5,374.2102,3,2.6128,,7.82E5,1.63E5,3.36E4,9.04E4,1.23E5,,,,,6.74E6,1.43E6,1.04E6,8.64E5,1.29E6,,,,359,"H4_ETD_z2_8_1ug_Dig180s_200uLmin_01.raw",5,0,1,1,1,1,1,0,0,0,"P62805|H4_HUMAN","",,False
ALKRQGR,24.52,827.5090,7,0.8,276.8438,3,1.9615,1.4E6,7.29E5,,4.77E5,1.33E5,,1.86E5,1.07E6,2.24E5,8.23E6,4.71E6,,2.99E6,7.91E5,,1.39E6,6.57E6,1.49E6,259,"H4_ETD_z2_8_1ug_Dig180s_200uLmin_01.raw",9,1,1,1,1,1,1,1,1,1,"P62805|H4_HUMAN","",,False
ALKRQGRTL,36.70,1041.6407,9,2.8,261.4182,4,3.9056,3.46E6,8.59E5,4.3E5,2.86E6,,,1.29E5,1.83E6,5.51E5,2.05E7,4.32E6,3.16E6,2.35E7,,,9.63E5,1.03E7,6.12E6,518,"H4_ETD_z2_8_1ug_Dig120s_200uLmin_01.raw",16,3,2,2,3,0,0,2,2,2,"P62805|H4_HUMAN","",,False
ALKRQGRTLY,41.72,1204.7040,10,-0.5,302.1831,4,4.8224,,2.06E5,,,4.23E4,,,3.55E4,,,1.74E6,,,4E5,,,3.77E5,,618,"H4_ETD_z2_8_1ug_Dig120s_200uLmin_01.raw",4,0,2,0,0,1,0,0,1,0,"P62805|H4_HUMAN","",,False
ALKRQGRTLYG,15.69,1261.7255,11,1.7,421.5831,3,4.6392,,1.17E5,,,,,,,,,1.46E6,,,,,,,,610,"H4_ETD_z2_8_1ug_Dig120s_200uLmin_01.raw",1,0,1,0,0,0,0,0,0,0,"P62805|H4_HUMAN","",,False
ALKRQGRTLYGFGG,70.83,1522.8368,14,2.6,381.7175,4,6.7913,5.37E6,,2.41E7,2.92E6,2.35E7,2.3E7,1.33E6,4.15E6,,3.19E7,,1.78E8,1.87E7,1.47E8,1.45E8,1.04E7,2.51E7,,839,"H4_ETD_z2_8_1ug_Dig120s_200uLmin_01.raw",18,2,2,2,2,2,2,2,2,2,"P62805|H4_HUMAN","",,False
ARRGGVKR,21.11,898.5573,8,-1.5,300.5259,3,1.3655,,,,,,,5.99E3,,,,,,,,,1.71E5,,,184,"H4_ETD_z2_8_1ug_Dig60s_100uLmin_01.raw",1,0,0,0,0,0,0,1,0,0,"P62805|H4_HUMAN","",,False
ARRGGVKRISGL,46.66,1268.7789,12,-1.1,318.2017,4,3.6057,2.19E6,1.07E7,2.36E6,1.44E6,2.5E6,,1.6E5,2.72E5,8.87E5,2.41E7,6.28E7,1.15E7,1.42E7,1.44E7,,1.69E6,1.8E6,1.02E7,462,"H4_ETD_z2_8_1ug_Dig180s_200uLmin_01.raw",16,2,2,2,1,2,2,2,2,1,"P62805|H4_HUMAN","",,False
AVTYTEH,30.48,819.3763,7,1.4,410.6960,2,3.2862,5.34E5,1.14E6,5.17E5,,8.27E5,2.5E5,1.57E5,5.1E5,3.53E5,3.3E6,8.5E6,3.26E6,,3.6E6,2.12E6,1.89E6,3.93E6,2.56E6,433,"H4_ETD_z2_8_1ug_Dig180s_200uLmin_01.raw",9,1,1,1,1,1,1,1,1,1,"P62805|H4_HUMAN","",,False
AVTYTEHAK,42.67,1018.5084,9,0.4,340.5102,3,3.8975,5.81E5,5.19E5,1.55E5,3.66E5,3.02E5,2.9E5,2.6E4,4.01E5,1.38E5,2.91E6,3.73E6,2.12E6,2.45E6,2.52E6,1.81E6,7.53E5,2.32E6,1.37E6,524,"H4_ETD_z2_8_1ug_Dig120s_200uLmin_01.raw",9,1,1,1,1,1,1,1,1,1,"P62805|H4_HUMAN","",,False
AVTYTEHAKR,44.17,1174.6095,10,1.2,392.5442,3,2.6621,9.12E4,,,2.98E5,,3.78E4,1.68E4,1.38E5,,9.09E5,,,2.49E6,,3.9E5,1.85E5,1.45E6,,361,"H4_ETD_z2_8_1ug_Dig180s_100uLmin_01.raw",8,1,0,0,2,0,2,1,2,0,"P62805|H4_HUMAN","",,False
AVTYTEHAKRK,63.69,1302.7045,11,-2.1,326.6827,4,3.4758,1.09E6,3.29E6,,1.15E6,1.09E6,1.88E5,3.62E4,7.48E5,3.44E5,1.29E7,2.8E7,,1.36E7,8.17E6,1.71E6,1.32E6,7.38E6,6.08E6,480,"H4_ETD_z2_8_1ug_Dig120s_200uLmin_01.raw",15,2,2,0,2,2,1,2,2,2,"P62805|H4_HUMAN","",,False
AVTYTEHAKRKTVT,67.75,1603.8682,14,1.6,401.9749,4,2.6128,,,,,9.59E4,,,,,,,,,8.44E5,,,,,357,"H4_ETD_z2_8_1ug_Dig180s_200uLmin_01.raw",1,0,0,0,0,1,0,0,0,0,"P62805|H4_HUMAN","",,False
AVTYTEHAKRKTVTA,76.34,1674.9053,15,-0.6,419.7333,4,3.8126,3.38E5,1.83E6,4.35E5,4.65E5,4.33E5,5.04E5,5.8E4,,4.24E5,2.45E6,1.01E7,3.58E6,2.84E6,2.13E6,3.01E6,4.22E5,,2.63E6,508,"H4_ETD_z2_8_1ug_Dig120s_200uLmin_01.raw",9,1,1,1,1,1,2,1,0,1,"P62805|H4_HUMAN","",,False
AVTYTEHAKRKTVTAM,78.20,1805.9458,16,-0.7,452.4934,4,4.4446,2.27E5,4.89E6,7.16E6,8.06E5,,6.34E6,2.52E5,1.06E6,1.07E5,4.21E6,2.71E7,4.92E7,6.86E6,,3.91E7,2.62E6,5.28E6,2.19E6,578,"H4_ETD_z2_8_1ug_Dig120s_200uLmin_01.raw",19,1,2,3,2,1,3,3,1,3,"P62805|H4_HUMAN","",,False
AVTYTEHAKRKTVTAMD,74.02,1920.9728,17,-0.3,481.2503,4,3.4749,4.78E5,2.64E6,4.65E6,,1.19E6,3.66E6,1.39E5,5.47E5,3.19E5,3.12E6,1.29E7,3.55E7,,7.52E6,2.46E7,1.51E6,2.77E6,2.29E6,447,"H4_ETD_z2_8_1ug_Dig180s_200uLmin_01.raw",16,2,1,3,1,2,2,1,1,3,"P62805|H4_HUMAN","",,False
AVTYTEHAKRKTVTAMDVVYALKRQGRTLYGFGG,64.57,3786.9990,34,1.7,632.1749,6,9.0833,,1.61E5,,,1.15E5,2.33E5,,3.73E4,3.46E4,,1.11E6,,,1.03E6,1.68E6,,3.45E5,9.77E5,1102,"H4_ETD_z2_8_1ug_Dig120s_200uLmin_01.raw",6,0,1,0,0,1,1,0,1,2,"P62805|H4_HUMAN","",,False
DAVTYTEH,29.73,934.4032,8,0.9,468.2093,2,3.6765,3.02E5,3.01E5,,1.42E5,,,5.26E4,,,2.49E6,3.25E6,,1.82E6,,,5.57E5,,,465,"H4_ETD_z2_8_1ug_Dig180s_100uLmin_01.raw",4,1,1,0,1,0,0,1,0,0,"P62805|H4_HUMAN","",,False
DAVTYTEHAK,32.66,1133.5353,10,0.3,378.8525,3,5.5733,1.21E5,,,4.74E4,,,2.28E4,,1.78E4,1.06E6,,,4.07E5,,,2.37E5,,1.5E5,742,"H4_ETD_z2_8_1ug_Dig60s_300uLmin_01.raw",4,1,0,0,1,0,0,1,0,1,"P62805|H4_HUMAN","",,False
DAVTYTEHAKRK,67.78,1417.7313,12,0.2,355.4402,4,3.9914,6.62E4,5.38E5,3.82E5,3.77E5,4.85E5,,4.3E4,1.55E5,1.56E5,4.46E5,3.26E6,3.09E6,2.78E6,3.54E6,,4.69E5,9.06E5,2.63E6,527,"H4_ETD_z2_8_1ug_Dig120s_200uLmin_01.raw",13,1,2,2,2,2,0,1,1,2,"P62805|H4_HUMAN","",,False
DAVTYTEHAKRKTVTA,76.81,1789.9323,16,0.6,448.4906,4,4.6392,1.3E5,7.83E5,,,,8.64E4,3.92E4,,,1.12E6,5.73E6,,,,8.33E5,4.44E5,,,604,"H4_ETD_z2_8_1ug_Dig120s_200uLmin_01.raw",6,1,2,0,1,0,1,1,0,0,"P62805|H4_HUMAN","",,False
DAVTYTEHAKRKTVTAM,70.78,1920.9728,17,-1.2,481.2499,4,5.4344,,1.6E6,4.06E5,,,3.06E5,,2.56E5,4.27E5,,1.07E7,3.6E6,,,3.08E6,,1.84E6,3.16E6,689,"H4_ETD_z2_8_1ug_Dig120s_200uLmin_01.raw",6,0,1,1,0,0,1,1,1,1,"P62805|H4_HUMAN","",,False
DAVTYTEHAKRKTVTAMD,57.76,2035.9996,18,-1.5,510.0064,4,5.4459,,,2.68E5,6.1E4,,1.95E5,1.98E4,1.43E5,1.99E5,,,2.18E6,5.31E5,,2.39E6,3.38E5,1.15E6,2.01E6,688,"H4_ETD_z2_8_1ug_Dig120s_200uLmin_01.raw",7,0,1,1,1,0,1,1,1,1,"P62805|H4_HUMAN","",,False
DNIQGITKPAIR,27.46,1324.7462,12,-1.7,442.5886,3,5.8159,3.75E4,,,,,,,,,2.67E5,,,,,,,,,727,"H4_ETD_z2_8_1ug_Dig120s_100uLmin_01.raw",1,1,0,0,0,0,0,0,0,0,"P62805|H4_HUMAN","",,False
DVVYALK,29.32,806.4538,7,-0.5,404.2339,2,5.4342,,3.29E5,,8.16E4,3.49E5,,5.91E4,1.09E5,1.46E5,,2.61E6,,1.14E6,3.02E6,,6.94E5,8.42E5,1.03E6,663,"H4_ETD_z2_8_1ug_Dig180s_200uLmin_01.raw",8,1,1,1,1,1,0,1,1,1,"P62805|H4_HUMAN","",,False
DVVYALKRQ,42.02,1090.6135,9,-1.5,364.5446,3,4.8643,7.22E4,5.02E5,2.62E5,8.76E4,,4.88E5,1.71E4,1.43E5,5.08E5,6.13E5,5.9E6,3.58E6,7.95E5,,3.53E6,1.67E5,9.9E5,3.48E6,597,"H4_ETD_z2_8_1ug_Dig180s_200uLmin_01.raw",12,1,1,2,1,1,2,1,1,2,"P62805|H4_HUMAN","",,False
DVVYALKRQGR,52.79,1303.7361,11,-0.2,326.9412,4,4.6388,1.03E6,7.75E6,4.58E6,6.93E5,3.06E6,3.99E6,1.12E5,1.53E6,2.55E6,7.29E6,5.57E7,3.03E7,1.05E7,1.65E7,3.66E7,1.12E6,1.12E7,2.33E7,573,"H4_ETD_z2_8_1ug_Dig180s_200uLmin_01.raw",17,1,2,2,3,2,2,1,2,2,"P62805|H4_HUMAN","",,False
DVVYALKRQGRTL,26.17,1517.8678,13,0.9,506.9637,3,7.6450,,,,4.4E5,,,5.49E4,,,,,,4.2E6,,,1.14E6,,,984,"H4_ETD_z2_8_1ug_Dig60s_100uLmin_01.raw",2,0,0,0,1,0,0,1,0,0,"P62805|H4_HUMAN","",,False
DVVYALKRQGRTLY,44.15,1680.9312,14,-1.0,561.3171,3,7.2059,,6.83E4,4.13E4,,1.13E4,,,,3.16E3,,9.34E5,4.75E5,,2.77E5,,,,6.15E4,891,"H4_ETD_z2_8_1ug_Dig120s_200uLmin_01.raw",4,0,1,1,0,1,0,0,0,1,"P62805|H4_HUMAN","",,False
DVVYALKRQGRTLYG,46.62,1737.9525,15,-1.6,580.3239,3,7.1727,,7.3E4,4.36E4,,,,,,,,1.18E6,7.64E5,,,,,,,887,"H4_ETD_z2_8_1ug_Dig120s_200uLmin_01.raw",2,0,1,1,0,0,0,0,0,0,"P62805|H4_HUMAN","",,False
DVVYALKRQGRTLYGFGG,68.65,1999.0638,18,0.2,500.7733,4,7.3258,1.16E6,5.06E7,6.9E7,,3E7,2.58E7,4.06E5,,2.23E7,2.45E7,2.98E8,3.72E8,,1.86E8,1.5E8,4.44E6,,1.59E8,857,"H4_ETD_z2_8_1ug_Dig180s_200uLmin_01.raw",24,2,3,3,2,3,3,2,3,3,"P62805|H4_HUMAN","",,False
EEQRQKEERRRAAVEEKRRQRLEEDKERH,19.85,3802.9758,29,8.8,634.8422,6,8.6768,,2.13E5,1.62E5,,,,,,,,1.54E6,9.35E5,,,,,,,1050,"H4_ETD_z2_8_1ug_Dig120s_300uLmin_01.raw",2,0,1,1,0,0,0,0,0,0,"","",,False
EKRWKDLKNRVV,19.16,1569.9103,12,3.8,314.9905,5,1.4793,,,,,,,,,2.52E4,,,,,,,,,2.03E5,208,"H4_ETD_z2_8_1ug_Dig60s_300uLmin_01.raw",1,0,0,0,0,0,0,0,0,1,"","",,False
ENVIRDA,20.89,815.4137,7,0.0,408.7141,2,5.0610,,,,,,,,,,,,,,,,,,,642,"H4_ETD_z2_8_1ug_Dig120s_100uLmin_01.raw",1,1,0,0,0,0,0,0,0,0,"P62805|H4_HUMAN","",,False
ENVIRDAVT,30.84,1015.5298,9,-0.4,508.7720,2,4.9348,9.76E5,4.16E6,2.02E6,1.5E6,2.43E6,2.32E6,2.47E5,9.65E5,1.44E6,6.2E6,2.56E7,1.42E7,8.36E6,1.37E7,1.44E7,2.33E6,5.53E6,9.21E6,611,"H4_ETD_z2_8_1ug_Dig180s_200uLmin_01.raw",9,1,1,1,1,1,1,1,1,1,"P62805|H4_HUMAN","",,False
ENVIRDAVTY,19.43,1178.5931,10,0.3,590.3040,2,7.0979,,3.12E5,,,,,,,,,2.35E6,,,,,,,,880,"H4_ETD_z2_8_1ug_Dig120s_200uLmin_01.raw",1,0,1,0,0,0,0,0,0,0,"P62805|H4_HUMAN","",,False
ENVIRDAVTYTEHAK,49.73,1744.8744,15,0.9,582.6326,3,6.8741,1.05E5,9.21E4,1.6E5,1.16E4,,1.53E5,,1.13E5,1.46E5,9.09E5,1.56E6,1.11E6,3.3E5,,1.19E6,,8.78E5,1.03E6,810,"H4_ETD_z2_8_1ug_Dig180s_100uLmin_01.raw",9,2,1,1,2,0,1,0,1,1,"P62805|H4_HUMAN","",,False
ENVIRDAVTYTEHAKR,63.29,1900.9755,16,-1.1,476.2506,4,7.6577,,1.15E5,6.37E4,,,5.08E4,,,5.43E4,,1.11E6,5.09E5,,,5.85E5,,,4.76E5,944,"H4_ETD_z2_8_1ug_Dig120s_200uLmin_01.raw",4,0,1,1,0,0,1,0,0,1,"P62805|H4_HUMAN","",,False
ENVIRDAVTYTEHAKRK,75.90,2029.0704,17,1.2,406.8219,5,7.3220,3.91E5,4.78E6,3.3E5,1.55E6,1.45E6,7.66E5,1.07E5,1.02E6,4.93E5,2.32E6,2.96E7,9.46E6,9.28E6,7.9E6,4.31E6,1.3E6,6.28E6,5.25E6,904,"H4_ETD_z2_8_1ug_Dig120s_200uLmin_01.raw",18,2,2,2,2,2,2,2,2,2,"P62805|H4_HUMAN","",,False
ENVIRDAVTYTEHAKRKTVT,54.40,2330.2341,20,-0.2,583.5657,4,7.4100,,3.43E4,,,,,,,,,8.71E5,,,,,,,,912,"H4_ETD_z2_8_1ug_Dig120s_200uLmin_01.raw",1,0,1,0,0,0,0,0,0,0,"P62805|H4_HUMAN","",,False
ENVIRDAVTYTEHAKRKTVTA,62.41,2401.2712,21,-1.8,481.2607,5,7.5442,3.43E5,,8.95E5,,,2.14E5,,,,1.35E6,,3.97E6,,,1.71E6,,,,921,"H4_ETD_z2_8_1ug_Dig120s_300uLmin_01.raw",4,1,0,2,0,0,1,0,0,0,"P62805|H4_HUMAN","",,False
ENVIRDAVTYTEHAKRKTVTAM,73.08,2532.3118,22,4.0,507.4717,5,7.9156,1.6E6,,1.4E7,2.49E6,1.03E7,1.17E7,2.19E5,4.17E6,7.9E6,1.27E7,,8.08E7,1.57E7,5.22E7,6.36E7,2.21E6,2.56E7,4.85E7,966,"H4_ETD_z2_8_1ug_Dig120s_200uLmin_01.raw",18,2,2,2,2,2,2,2,2,2,"P62805|H4_HUMAN","",,False
ENVIRDAVTYTEHAKRKTVTAMD,83.31,2647.3389,23,1.5,530.4758,5,6.8919,1.1E6,,6.98E6,1.8E6,2.1E6,7.2E6,6.78E4,2.1E6,3.66E6,9.32E6,,3.94E7,1.22E7,9.98E6,4.23E7,6.45E5,1.4E7,1.92E7,816,"H4_ETD_z2_8_1ug_Dig180s_200uLmin_01.raw",17,2,2,2,2,2,2,1,2,2,"P62805|H4_HUMAN","",,False
ETRGVLK,17.45,801.4708,7,-1.8,401.7420,2,4.7302,1.53E6,1.08E6,,9.52E5,3.99E5,,4.93E4,4.77E5,,9.64E6,6.17E6,,5.53E6,1.91E6,,8.19E5,3.3E6,,637,"H4_ETD_z2_8_1ug_Dig60s_200uLmin_01.raw",8,2,1,0,2,1,0,1,1,0,"P62805|H4_HUMAN","",,False
ETRGVLKV,26.67,900.5392,8,0.0,301.1870,3,4.5450,1.08E6,9.88E6,2.4E6,3.8E5,2.26E6,,2.33E5,1.51E6,2.02E6,6.96E6,6.27E7,1.67E7,4.37E6,1.17E7,,2.01E6,9.15E6,1.22E7,565,"H4_ETD_z2_8_1ug_Dig180s_200uLmin_01.raw",17,1,2,2,2,2,2,2,2,2,"P62805|H4_HUMAN","",,False
ETRGVLKVF,44.21,1047.6077,9,-1.6,350.2093,3,7.4293,,2.76E5,9.24E4,,1.31E5,,7.8E3,8.69E4,,,2.41E6,1.35E6,,8.58E5,,1.08E5,5.93E5,,914,"H4_ETD_z2_8_1ug_Dig120s_200uLmin_01.raw",9,1,1,2,0,1,1,1,1,1,"P62805|H4_HUMAN","",,False
ETRGVLKVFL,48.11,1160.6917,10,-0.9,387.9042,3,7.7835,1.69E4,1.55E5,1.38E5,1.93E4,,2.42E5,,4.97E4,2.34E4,2.09E5,1.06E6,1.18E6,2.27E5,,1.53E6,,5.29E5,4.29E5,916,"H4_ETD_z2_8_1ug_Dig180s_200uLmin_01.raw",13,1,1,2,1,2,2,0,2,2,"P62805|H4_HUMAN","",,False
ETRGVLKVFLE,47.23,1289.7343,11,1.8,430.9195,3,8.5268,,6.53E4,3.72E4,,3.16E4,3.14E4,,,2.98E4,,7.36E5,6.25E5,,3.89E5,4.36E5,,,4.61E5,1037,"H4_ETD_z2_8_1ug_Dig120s_200uLmin_01.raw",5,0,1,1,0,1,1,0,0,1,"P62805|H4_HUMAN","",,False
ETRGVLKVFLEN,41.47,1403.7772,12,-2.3,468.9319,3,8.4264,,3.87E5,1.57E5,,4.17E4,1.63E5,,4.36E4,8.03E4,,2.89E6,1.39E6,,8.08E5,1.73E6,,4.5E5,1.17E6,1025,"H4_ETD_z2_8_1ug_Dig120s_200uLmin_01.raw",6,0,1,1,0,1,1,0,1,1,"P62805|H4_HUMAN","",,False
FLENVIRD,17.90,1004.5291,8,-0.1,503.2718,2,7.4293,,4.01E6,1.1E6,,,9.47E5,,5.38E5,,,2.37E7,1.45E7,,,5.69E6,,3.54E6,,907,"H4_ETD_z2_8_1ug_Dig120s_200uLmin_01.raw",4,0,1,1,0,0,1,0,1,0,"P62805|H4_HUMAN","",,False
FLENVIRDAVT,26.74,1275.6823,11,0.4,638.8487,2,8.6814,3.68E5,9.04E6,6.05E6,,1.4E6,4.07E6,,9.09E5,,4.43E6,5.32E7,3.55E7,,2.69E7,2.33E7,,1.07E7,,1047,"H4_ETD_z2_8_1ug_Dig120s_300uLmin_01.raw",7,1,1,1,0,1,1,0,1,1,"P62805|H4_HUMAN","",,False
FLENVIRDAVTYTEHAKRK,70.59,2289.2229,19,1.2,458.8524,5,8.2898,,,,1.23E6,,8.78E5,2.87E4,4.26E5,,,,,8.26E6,,7.9E6,2.79E5,7.11E6,,983,"H4_ETD_z2_8_1ug_Dig180s_100uLmin_01.raw",12,2,1,1,2,1,1,1,2,1,"P62805|H4_HUMAN","",,False
FLENVIRDAVTYTEHAKRKTVTA,62.02,2661.4238,23,0.4,533.2922,5,10.2578,,,,1.68E5,,,,7.85E4,,,,,1.15E6,,,,1.57E6,,1254,"H4_ETD_z2_8_1ug_Dig60s_200uLmin_01.raw",5,1,1,0,1,0,0,0,2,0,"P62805|H4_HUMAN","",,False
FLENVIRDAVTYTEHAKRKTVTAM,86.74,2792.4644,24,2.6,559.5016,5,8.2317,1.31E6,,,2.21E6,,,1.14E5,3.93E6,,7.8E6,,,1.02E7,,,5.8E5,1.79E7,,968,"H4_ETD_z2_8_1ug_Dig180s_200uLmin_01.raw",16,2,2,2,1,2,2,1,2,2,"P62805|H4_HUMAN","",,False
FLENVIRDAVTYTEHAKRKTVTAMD,67.56,2907.4912,25,0.0,582.5055,5,9.3710,5.74E5,7.93E6,4.4E6,,3.66E6,,,1.19E6,,3.66E6,6.55E7,3.84E7,,2.49E7,,,5.57E6,,1133,"H4_ETD_z2_8_1ug_Dig120s_200uLmin_01.raw",12,1,2,2,0,2,2,0,1,2,"P62805|H4_HUMAN","",,False
GGAKRHRKVLRD,28.96,1391.8221,12,-2.6,464.9468,3,2.4697,,,,,,7.99E3,,,,,,,,,2.16E5,,,,340,"H4_ETD_z2_8_1ug_Dig180s_200uLmin_01.raw",2,0,0,0,0,1,1,0,0,0,"P62805|H4_HUMAN","",,False
GITKPAIR,25.05,854.5338,8,-0.3,285.8518,3,3.5409,4.04E5,9.03E5,,5.22E5,5.8E5,2.04E5,4.58E5,5.43E5,1.79E5,4.69E6,3.84E6,,2.2E6,2.71E6,1.32E6,2.21E6,2.17E6,2.24E6,454,"H4_ETD_z2_8_1ug_Dig180s_200uLmin_01.raw",9,1,1,0,1,1,1,2,1,1,"P62805|H4_HUMAN","",,False
GITKPAIRR,26.43,1010.6349,9,2.5,337.8864,3,3.1072,3.26E6,,4.46E5,8.56E5,,6.99E5,3.43E5,8.5E5,3.32E5,1.58E7,,7.47E6,8.79E6,,4.79E6,5.22E6,4.95E6,6.3E6,401,"H4_ETD_z2_8_1ug_Dig180s_100uLmin_01.raw",15,1,1,2,2,1,2,2,2,2,"P62805|H4_HUMAN","",,False
GITKPAIRRL,34.38,1123.7189,10,-2.0,375.5795,3,5.4351,4.22E5,,2.18E5,,,1.43E5,6.84E4,3.11E5,,2.72E6,,1.34E6,,,1.18E6,8.9E5,1.9E6,,687,"H4_ETD_z2_8_1ug_Dig120s_200uLmin_01.raw",9,1,1,1,0,0,1,2,2,1,"P62805|H4_HUMAN","",,False
GITKPAIRRLARRGGVK,48.86,1848.1646,17,1.0,370.6406,5,4.6192,2.29E5,,,,1.24E5,5.8E4,,,,1.91E6,,,,8.9E5,5.94E5,,,,595,"H4_ETD_z2_8_1ug_Dig120s_100uLmin_01.raw",3,1,0,0,0,1,1,0,0,0,"P62805|H4_HUMAN","",,False
GITKPAIRRLARRGGVKR,53.25,2004.2656,18,1.0,401.8608,5,3.3088,4.34E5,,2.6E5,3.81E5,1.98E5,,5.49E4,1.33E5,3.06E5,2.59E6,,1.36E6,2.99E6,1.28E6,,5.48E5,9.29E5,1.77E6,435,"H4_ETD_z2_8_1ug_Dig180s_200uLmin_01.raw",15,3,0,2,3,1,0,1,2,3,"P62805|H4_HUMAN","",,False
GITKPAIRRLARRGGVKRISG,67.45,2261.4033,21,-0.4,453.2877,5,4.7993,9.8E4,2.44E5,,7.34E4,6.16E4,,,7.22E4,4.43E4,1.31E6,1.86E6,,5.38E5,5.37E5,,,7.66E5,3.38E5,621,"H4_ETD_z2_8_1ug_Dig120s_200uLmin_01.raw",8,2,1,0,1,1,1,0,1,1,"P62805|H4_HUMAN","",,False
GITKPAIRRLARRGGVKRISGL,67.70,2374.4873,22,-1.0,475.9043,5,5.5546,2.19E6,1.94E7,3.41E6,2.26E6,1.75E6,1.08E6,4.95E5,9.2E6,1.86E6,9.57E6,9.5E7,1.92E7,1E7,7.68E6,8.06E6,2.65E6,2.44E7,8.29E6,703,"H4_ETD_z2_8_1ug_Dig120s_200uLmin_01.raw",22,1,2,3,3,2,2,3,3,3,"P62805|H4_HUMAN","",,False
GITKPAIRRLARRGGVKRISGLI,47.79,2487.5713,23,-1.0,498.5211,5,5.2763,,1.36E5,,3.26E4,4.93E4,,,,,,1.01E6,,2.2E5,3.41E5,,,,,636,"H4_ETD_z2_8_1ug_Dig180s_200uLmin_01.raw",3,0,1,0,1,1,0,0,0,0,"P62805|H4_HUMAN","",,False
GITKPAIRRLARRGGVKRISGLIY,20.55,2650.6348,24,0.2,531.1343,5,5.4579,,,,,,,,,,,,,,,,,,,661,"H4_ETD_z2_8_1ug_Dig180s_200uLmin_01.raw",1,0,0,0,0,1,0,0,0,0,"P62805|H4_HUMAN","",,False
GLIYEETRGVL,15.73,1248.6714,11,2.8,625.3447,2,9.7428,,,,,,,,,2.13E4,,,,,,,,,2.31E5,1205,"H4_ETD_z2_8_1ug_Dig60s_300uLmin_01.raw",1,0,0,0,0,0,0,0,0,1,"P62805|H4_HUMAN","",,False
GRTLYGFGG,40.98,926.4610,9,-1.0,464.2373,2,7.6577,,1.55E7,2.89E6,1.03E6,,2.56E6,2.27E5,2.27E6,,,9.97E7,1.94E7,6.88E6,,2.03E7,2.76E6,1.38E7,,938,"H4_ETD_z2_8_1ug_Dig120s_200uLmin_01.raw",9,1,1,1,1,1,1,1,1,1,"P62805|H4_HUMAN","",,False
GVKRISGL,17.57,828.5181,8,1.6,277.1804,3,6.4516,,,,,,,1.01E5,,,,,,,,,1.23E6,,,843,"H4_ETD_z2_8_1ug_Dig60s_100uLmin_01.raw",2,0,0,0,0,0,0,2,0,0,"P62805|H4_HUMAN","",,False
IIRQIRRPKNVVLRLAVKF,15.60,2318.4902,19,-8.6,387.4190,6,4.3786,,,,,1.32E6,,,,,,,,,6.66E6,,,,,551,"H4_ETD_z2_8_1ug_Dig180s_200uLmin_01.raw",1,0,0,0,0,1,0,0,0,0,"","",,False
IKSRTAM,15.05,805.4480,7,1.6,403.7319,2,3.9320,,,3.82E4,,,,,,,,,3.67E5,,,,,,,536,"H4_ETD_z2_8_1ug_Dig120s_300uLmin_01.raw",1,0,0,1,0,0,0,0,0,0,"","",,False
IQGITKPAIR,27.03,1095.6764,10,0.0,366.2328,3,6.3127,,,,6.07E4,,,1.62E4,3.81E4,1.94E4,,,,5.75E5,,,1.77E5,3.09E5,2.61E5,806,"H4_ETD_z2_8_1ug_Dig60s_200uLmin_01.raw",4,0,0,0,1,0,0,1,1,1,"P62805|H4_HUMAN","",,False
IQGITKPAIRR,35.35,1251.7775,11,-1.9,313.9510,4,4.8437,,2.03E5,,8.66E4,,,2.99E4,4.99E4,,,1.48E6,,4.69E5,,,3.54E5,6.66E5,,626,"H4_ETD_z2_8_1ug_Dig120s_200uLmin_01.raw",6,1,1,0,1,0,0,1,1,1,"P62805|H4_HUMAN","",,False
IQGITKPAIRRL,29.94,1364.8616,12,-0.6,342.2225,4,7.0389,,,,,,,,,,,,,,,,,,,897,"H4_ETD_z2_8_1ug_Dig60s_300uLmin_01.raw",1,0,0,0,0,0,0,0,0,1,"P62805|H4_HUMAN","",,False
IQGITKPAIRRLARRGGVKRISGL,70.06,2615.6299,24,-1.2,436.9451,6,5.1833,7.1E4,,,,5.68E4,,,,,6.76E5,,,,4.4E5,,,,,628,"H4_ETD_z2_8_1ug_Dig180s_200uLmin_01.raw",2,1,0,0,0,1,0,0,0,0,"P62805|H4_HUMAN","",,False
IRDAVTYTEHAKRK,52.43,1686.9165,14,0.8,422.7368,4,4.0157,,2.04E5,1.24E5,,,,,,5.99E4,,1.37E6,1.16E6,,,,,,7.39E5,542,"H4_ETD_z2_8_1ug_Dig120s_300uLmin_01.raw",3,0,1,1,0,0,0,0,0,1,"P62805|H4_HUMAN","",,False
IRDAVTYTEHAKRKTVTA,39.14,2059.1174,18,2.0,515.7877,4,5.4843,,,,,,,,,8.19E4,,,,,,,,,8.09E5,728,"H4_ETD_z2_8_1ug_Dig60s_300uLmin_01.raw",2,0,0,0,0,0,0,0,0,2,"P62805|H4_HUMAN","",,False
IRDAVTYTEHAKRKTVTAM,74.77,2190.1580,19,4.1,439.0406,5,5.1776,,1.22E6,6.99E5,9.22E4,,5.92E5,,1.42E5,8.81E5,,1.14E7,6.83E6,9.27E5,,3.45E6,,1.51E6,7.15E6,664,"H4_ETD_z2_8_1ug_Dig120s_300uLmin_01.raw",10,1,1,2,1,1,1,0,1,2,"P62805|H4_HUMAN","",,False
IRDAVTYTEHAKRKTVTAMD,55.45,2305.1848,20,-0.9,577.3030,4,5.1122,,4.89E5,,,1.76E5,4.02E5,,1.14E5,3.31E5,,5.61E6,,,1.53E6,3.48E6,,1.41E6,4.4E6,652,"H4_ETD_z2_8_1ug_Dig120s_200uLmin_01.raw",9,0,1,0,0,2,2,0,2,2,"P62805|H4_HUMAN","",,False
IRDAVTYTEHAKRKTVTAMDVVYALKRQGRTLYGFGG,15.94,4171.2114,37,4.0,696.2119,6,9.0873,,,,,,,,,,,,,,,,,,,1098,"H4_ETD_z2_8_1ug_Dig120s_300uLmin_01.raw",1,0,0,1,0,0,0,0,0,0,"P62805|H4_HUMAN","",,False
IRRLARRGGVKRISGL,17.58,1807.1493,16,-1.2,362.4367,5,4.5705,,9.35E4,,,,,,,,,7.53E5,,,,,,,,585,"H4_ETD_z2_8_1ug_Dig120s_200uLmin_01.raw",1,0,1,0,0,0,0,0,0,0,"P62805|H4_HUMAN","",,False
ITKPAIR,15.41,797.5123,7,0.3,266.8448,3,3.2977,,,,,,9.34E4,,,,,,,,,6.69E5,,,,430,"H4_ETD_z2_8_1ug_Dig180s_300uLmin_01.raw",2,1,0,0,0,0,1,0,0,0,"P62805|H4_HUMAN","",,False
ITKPAIRR,20.78,953.6134,8,-1.3,318.8780,3,3.8394,4.45E5,,7.82E4,,,,,2.37E5,,1.81E6,,1.17E6,,,,,1.26E6,,517,"H4_ETD_z2_8_1ug_Dig120s_100uLmin_01.raw",3,1,0,1,0,0,0,0,1,0,"P62805|H4_HUMAN","",,False
ITKPAIRRLARRGGVKR,39.45,1947.2441,17,0.4,390.4563,5,4.1448,6.7E4,,8.2E4,,,,,,5.25E4,3.77E5,,4.68E5,,,,,,2.84E5,552,"H4_ETD_z2_8_1ug_Dig120s_300uLmin_01.raw",3,1,0,1,0,0,0,0,0,1,"P62805|H4_HUMAN","",,False
ITKPAIRRLARRGGVKRISGL,65.96,2317.4658,21,9.3,464.5047,5,4.4742,2.39E6,2.06E6,4.34E6,2.53E6,1.59E6,1.05E6,2.22E5,2.31E6,4.42E6,1.11E7,2.69E7,2.18E7,1.23E7,6.79E6,6.04E6,2.77E6,1.22E7,2.18E7,554,"H4_ETD_z2_8_1ug_Dig180s_200uLmin_01.raw",24,3,3,2,3,3,2,2,3,3,"P62805|H4_HUMAN","",,False
IYEETRGVL,24.12,1078.5658,9,-1.7,540.2893,2,6.8715,1.96E6,3.97E7,2.13E7,2.59E6,2.52E6,5.64E6,1.6E5,,,8.99E6,1.98E8,1.32E8,1.23E7,1.17E7,2.84E7,2.99E6,,,849,"H4_ETD_z2_8_1ug_Dig120s_200uLmin_01.raw",9,1,1,1,1,1,1,1,1,1,"P62805|H4_HUMAN","",,False
IYEETRGVLK,41.69,1206.6608,10,-2.4,403.2266,3,5.5166,2.49E5,2.36E6,1.43E6,,1.2E6,1.01E6,6.78E4,7.34E5,7.57E5,1.35E6,1.68E7,8.9E6,,7.02E6,1.67E7,6.62E5,5.37E6,4.57E6,698,"H4_ETD_z2_8_1ug_Dig120s_200uLmin_01.raw",9,1,1,1,1,1,1,1,1,1,"P62805|H4_HUMAN","",,False
IYEETRGVLKV,44.76,1305.7292,11,-1.2,436.2498,3,6.7172,6.87E5,1.37E7,8.37E6,5.55E5,3.93E6,4.94E6,2.67E4,1.33E6,3.67E6,3.97E6,8.25E7,8.19E7,4.36E6,2.61E7,3.21E7,6.87E5,6.84E6,2.16E7,837,"H4_ETD_z2_8_1ug_Dig120s_200uLmin_01.raw",10,1,1,2,1,1,1,1,1,1,"P62805|H4_HUMAN","",,False
IYEETRGVLKVF,56.23,1452.7976,12,-1.6,485.2724,3,8.2626,,1.17E5,3.31E5,,1.09E5,1.05E5,,,1.2E5,,8.47E5,1.97E6,,8.31E5,7.15E5,,,9.02E5,1015,"H4_ETD_z2_8_1ug_Dig120s_300uLmin_01.raw",5,0,1,1,0,1,1,0,0,1,"P62805|H4_HUMAN","",,False
IYEETRGVLKVFLEN,28.78,1808.9672,15,3.8,603.9987,3,10.1704,,,,,,,,3.47E4,6.93E4,,,,,,,,4.22E5,1.64E6,1244,"H4_ETD_z2_8_1ug_Dig60s_200uLmin_01.raw",2,0,0,0,0,0,0,0,1,1,"P62805|H4_HUMAN","",,False
IYEETRGVLKVFLENVIRDAVTYTEHAKRKTVTAM,25.66,4080.1829,35,1.7,681.0389,6,11.0464,,,4.77E4,,,,,,,,,6.39E5,,,,,,,1352,"H4_ETD_z2_8_1ug_Dig120s_300uLmin_01.raw",1,0,0,1,0,0,0,0,0,0,"P62805|H4_HUMAN","",,False
KALRQGHCLPRCGEGF,26.37,1770.8770,16,1.3,443.7271,4,5.7810,,5.94E5,2.07E5,,1.04E5,,,1.59E5,,,4.89E6,2.17E6,,1.36E6,,,1.19E6,,726,"H4_ETD_z2_8_1ug_Dig120s_200uLmin_01.raw",5,0,1,1,0,1,1,0,1,0,"Q86XX4|FRAS1_HUMAN","",,False
KRQGRTLYGFGG,27.28,1338.7157,12,-0.8,447.2455,3,6.6011,,,7.07E5,,,4.53E5,,,2.78E5,,,4.43E6,,,2.96E6,,,1.71E6,834,"H4_ETD_z2_8_1ug_Dig120s_300uLmin_01.raw",3,0,0,1,0,0,1,0,0,1,"P62805|H4_HUMAN","",,False
KTVTAMD,14.73,764.3738,7,0.1,383.1942,2,5.1495,,,,,,,,,1.49E4,,,,,,,,,1.91E5,691,"H4_ETD_z2_8_1ug_Dig60s_300uLmin_01.raw",1,0,0,0,0,0,0,0,0,1,"P62805|H4_HUMAN","",,False
KVFLENVIRD,42.21,1231.6924,10,-1.1,411.5710,3,7.6839,,,2.4E5,,,2.09E5,,,2.25E5,,,2.25E6,,,2.58E6,,,1.71E6,946,"H4_ETD_z2_8_1ug_Dig120s_300uLmin_01.raw",3,0,0,1,0,0,1,0,0,1,"P62805|H4_HUMAN","",,False
KVFLENVIRDAVT,59.16,1502.8456,13,3.5,501.9576,3,9.0193,8.18E4,2.4E6,1.33E6,1.87E5,8.78E5,1.22E6,,1.86E5,3.52E5,9.6E5,1.34E7,8.99E6,2.05E6,7.21E6,1.16E7,,2.13E6,7.6E6,1091,"H4_ETD_z2_8_1ug_Dig120s_200uLmin_01.raw",14,1,2,2,2,2,2,0,1,2,"P62805|H4_HUMAN","",,False
KVFLENVIRDAVTYTEHAKRK,48.48,2516.3862,21,-5.2,504.2819,5,8.3410,,,,1.17E6,4.97E5,,,,,,,,5.83E6,3.43E6,,,,,1000,"H4_ETD_z2_8_1ug_Dig180s_100uLmin_01.raw",4,1,0,0,2,1,0,0,0,0,"P62805|H4_HUMAN","",,False
KVFLENVIRDAVTYTEHAKRKTVTAM,84.95,3019.6277,26,0.4,604.9330,5,8.3435,1.51E6,9.94E6,4.92E6,3.85E6,9.42E6,1.32E7,3.05E5,5.59E6,8.3E6,8.92E6,7.46E7,3.72E7,1.96E7,7.16E7,1.09E8,1.46E6,2.52E7,5.22E7,979,"H4_ETD_z2_8_1ug_Dig180s_200uLmin_01.raw",37,3,4,5,3,6,6,2,3,5,"P62805|H4_HUMAN","",,False
KVFLENVIRDAVTYTEHAKRKTVTAMD,82.24,3134.6545,27,0.9,523.4502,6,8.3872,1.22E6,1.68E7,2.05E6,2.01E6,1.94E6,2.03E6,1.06E5,1.69E6,7.69E6,7.32E6,1.31E8,1.69E7,1.02E7,1.4E7,1.58E7,5.31E5,7.7E6,4.88E7,983,"H4_ETD_z2_8_1ug_Dig180s_200uLmin_01.raw",19,2,2,2,2,3,3,1,1,3,"P62805|H4_HUMAN","",,False
KVFTYKYYRDKHLKYTPCVDKGDRK,15.34,3150.6436,25,1.6,631.1370,5,8.4185,,,,,4.84E5,,,,,,,,,3.81E6,,,,,976,"H4_ETD_z2_8_1ug_Dig180s_200uLmin_01.raw",1,0,0,0,0,1,0,0,0,0,"","",,False
LAKRPDRMHHDW,23.81,1560.7732,12,3.7,391.2020,4,6.7173,,3.41E5,2.46E5,,2.56E5,,,,,,5.34E6,2.29E6,,2.08E6,,,,,840,"H4_ETD_z2_8_1ug_Dig120s_200uLmin_01.raw",3,0,1,1,0,1,0,0,0,0,"Q9P2J2|TUTLA_HUMAN","",,False
LARRGGVK,27.38,855.5402,8,-1.6,286.1869,3,2.4453,,2.94E5,,5.72E5,,,,,,,1.15E6,,4.72E6,,,,,,333,"H4_ETD_z2_8_1ug_Dig180s_100uLmin_01.raw",2,0,1,0,1,0,0,0,0,0,"P62805|H4_HUMAN","",,False
LARRGGVKR,30.19,1011.6414,9,-1.9,338.2204,3,2.4376,8.85E5,3.57E5,,2.65E5,9.89E4,,1.26E5,7.05E5,3.74E5,5.45E6,1.58E6,,2.13E6,1.45E6,,7.5E5,4.89E6,2.25E6,338,"H4_ETD_z2_8_1ug_Dig180s_200uLmin_01.raw",10,1,1,0,1,1,0,2,2,2,"P62805|H4_HUMAN","",,False
LARRGGVKRISGL,45.75,1381.8629,13,-0.7,461.6279,3,3.9003,2.57E6,2.33E7,4.29E6,3.98E6,7.35E6,2.68E6,1.39E6,2.86E6,1.28E6,4.84E7,1.4E8,2.46E7,2.11E7,4.42E7,1.54E7,1.53E7,3.57E7,6.9E6,487,"H4_ETD_z2_8_1ug_Dig180s_200uLmin_01.raw",21,3,2,2,2,2,3,2,3,2,"P62805|H4_HUMAN","",,False
LARRGGVKRISGLI,25.21,1494.9470,14,-0.3,374.7439,4,5.9435,4.21E4,,,,,,,,,3.94E5,,,,,,,,,747,"H4_ETD_z2_8_1ug_Dig120s_100uLmin_01.raw",2,1,0,0,0,0,0,0,0,1,"P62805|H4_HUMAN","",,False
LARRGGVKRISGLIY,30.81,1658.0104,15,-0.2,415.5098,4,7.4029,,,,,,,,2.1E4,,,,,,,,,2.57E5,,924,"H4_ETD_z2_8_1ug_Dig60s_200uLmin_01.raw",1,0,0,0,0,0,0,0,1,0,"P62805|H4_HUMAN","",,False
LENVIRDAVT,21.53,1128.6139,10,-1.6,565.3133,2,6.8739,,2.14E6,9.93E5,,3.15E5,8.82E5,,,,,1.51E7,9.42E6,,4.02E6,5.83E6,,,,853,"H4_ETD_z2_8_1ug_Dig120s_200uLmin_01.raw",4,0,1,1,0,1,1,0,0,0,"P62805|H4_HUMAN","",,False
LENVIRDAVTYTEHAK,59.29,1857.9585,16,2.7,465.4981,4,7.6329,7.45E4,9.51E4,2.36E4,1.02E5,1.31E5,3.61E4,,6.02E4,1.87E4,8.11E5,1.41E6,4.52E5,1.15E6,1.25E6,5.13E5,,6.63E5,4.25E5,896,"H4_ETD_z2_8_1ug_Dig180s_200uLmin_01.raw",16,2,2,2,2,2,2,0,2,2,"P62805|H4_HUMAN","",,False
LENVIRDAVTYTEHAKR,25.77,2014.0596,17,-2.4,504.5210,4,8.3355,,8.99E4,,,,,,,,,1.06E6,,,,,,,,1022,"H4_ETD_z2_8_1ug_Dig120s_200uLmin_01.raw",1,0,1,0,0,0,0,0,0,0,"P62805|H4_HUMAN","",,False
LENVIRDAVTYTEHAKRK,86.78,2142.1545,18,-1.6,429.4375,5,7.9484,8.23E5,1.39E6,1.21E6,8.88E5,1.22E6,4.33E5,7.44E4,7.51E5,2.36E5,7.05E6,1.26E7,7.21E6,7.37E6,6.9E6,3.33E6,7.34E5,5.33E6,3.14E6,970,"H4_ETD_z2_8_1ug_Dig120s_200uLmin_01.raw",18,2,2,2,2,2,2,2,2,2,"P62805|H4_HUMAN","",,False
LENVIRDAVTYTEHAKRKTVT,47.74,2443.3184,21,1.7,489.6718,5,8.0291,,8.07E4,,,,,,,,,7.72E5,,,,,,,,986,"H4_ETD_z2_8_1ug_Dig120s_200uLmin_01.raw",1,0,1,0,0,0,0,0,0,0,"P62805|H4_HUMAN","",,False
LENVIRDAVTYTEHAKRKTVTA,83.62,2514.3555,22,1.3,503.8790,5,8.0729,2.53E5,1.38E6,5.01E5,2.87E5,3.8E5,4.63E5,,2.04E5,2.22E5,2.42E6,1.52E7,3.94E6,2.7E6,3.02E6,3.36E6,,2.37E6,2.95E6,981,"H4_ETD_z2_8_1ug_Dig120s_200uLmin_01.raw",16,2,2,2,2,2,2,0,2,2,"P62805|H4_HUMAN","",,False
LENVIRDAVTYTEHAKRKTVTAM,83.34,2645.3960,23,-1.7,441.9058,6,8.3836,,2.45E7,2.2E6,2.11E6,9.21E4,3.98E6,1.83E5,2.71E6,9.68E4,,1.72E8,1.92E7,1.73E7,1.59E6,3.99E7,1.84E6,2.4E7,1.35E6,1023,"H4_ETD_z2_8_1ug_Dig120s_200uLmin_01.raw",26,3,3,3,3,3,3,2,3,3,"P62805|H4_HUMAN","",,False
LENVIRDAVTYTEHAKRKTVTAMD,77.77,2760.4229,24,-1.0,461.0773,6,8.3820,9.36E5,8.41E6,4.38E6,9.73E5,3.24E6,3.55E4,6.82E4,1.37E6,9.6E5,7.56E6,8.15E7,3.3E7,1.05E7,2.76E7,6.07E5,6.41E5,1.11E7,6.22E6,1017,"H4_ETD_z2_8_1ug_Dig120s_200uLmin_01.raw",21,2,3,2,2,3,3,1,2,3,"P62805|H4_HUMAN","",,False
LIYEETRGVL,18.71,1191.6499,10,-0.5,596.8319,2,7.8935,,2.03E5,3.81E5,,2.47E5,3.13E5,,,3.05E5,,3.68E6,2.23E6,,1.72E6,1.97E6,,,1.53E6,968,"H4_ETD_z2_8_1ug_Dig120s_200uLmin_01.raw",5,0,1,1,0,1,1,0,0,1,"P62805|H4_HUMAN","",,False
LKRQGRTL,34.16,970.6036,8,0.5,324.5420,3,2.7071,1.92E5,8.6E5,,1.63E5,2.71E5,1.34E5,2.87E4,1.5E5,1.7E5,1.3E6,3.82E6,,8.38E5,1.15E6,6.5E5,3.42E5,1.02E6,8.76E5,375,"H4_ETD_z2_8_1ug_Dig180s_200uLmin_01.raw",8,1,1,0,1,1,1,1,1,1,"P62805|H4_HUMAN;Q99525|H4G_HUMAN","",,False
LKRQGRTLYGFGG,40.01,1451.7997,13,-0.7,363.9569,4,6.7174,,,2.16E5,,,,,,,,,2.84E6,,,,,,,840,"H4_ETD_z2_8_1ug_Dig120s_300uLmin_01.raw",4,0,0,1,0,1,1,0,0,1,"P62805|H4_HUMAN","",,False
LKSRTAM,15.05,805.4480,7,1.6,403.7319,2,3.9320,,,3.82E4,,,,,,,,,3.67E5,,,,,,,536,"H4_ETD_z2_8_1ug_Dig120s_300uLmin_01.raw",1,0,0,1,0,0,0,0,0,0,"","",,False
MDVVYALKRQGRTLYGFGG,70.29,2130.1045,19,7.0,533.5371,4,8.8294,3.18E4,1.28E5,1.89E5,3.89E4,2.4E5,1.36E5,,8.32E4,4.25E5,3.79E5,2.2E6,2.06E6,4.89E5,3.69E6,2.76E6,,8.87E5,4.1E6,1070,"H4_ETD_z2_8_1ug_Dig120s_200uLmin_01.raw",13,1,2,2,1,2,2,0,1,2,"P62805|H4_HUMAN","",,False
NILQRKRLQTL,16.97,1381.8518,11,6.5,346.4725,4,5.9212,,,,,,,,,,,,,,,,,,,747,"H4_ETD_z2_8_1ug_Dig120s_300uLmin_01.raw",1,0,0,1,0,0,0,0,0,0,"","",,False
NIQGITKPAIR,41.40,1209.7194,11,-1.7,404.2464,3,5.6618,2.2E5,4.11E5,1.47E5,3.76E5,4.52E5,2.02E5,1.05E5,2.21E5,3.28E5,1.32E6,3.6E6,2.68E6,1.65E6,2.69E6,2.49E6,5.68E5,1.77E6,2.24E6,717,"H4_ETD_z2_8_1ug_Dig120s_200uLmin_01.raw",9,1,1,1,1,1,1,1,1,1,"P62805|H4_HUMAN","",,False
NIQGITKPAIRR,50.02,1365.8204,12,-0.9,342.4621,4,4.2148,2.73E6,9.5E6,3.12E6,8.18E5,4.18E6,2.37E6,1.45E5,2.29E6,1.46E5,1.2E7,4.7E7,1.81E7,4.84E6,2.05E7,1.31E7,1.57E6,1.33E7,2.42E6,533,"H4_ETD_z2_8_1ug_Dig180s_200uLmin_01.raw",17,2,2,2,2,2,2,1,2,2,"P62805|H4_HUMAN","",,False
NIQGITKPAIRRL,46.71,1478.9045,13,-0.7,370.7332,4,6.4680,,,,,3.96E5,,9.72E4,,,,,,,2.13E6,,1.11E6,,,802,"H4_ETD_z2_8_1ug_Dig120s_200uLmin_01.raw",9,0,1,1,1,2,0,2,1,1,"P62805|H4_HUMAN","",,False
NIQGITKPAIRRLARRGGVK,54.51,2203.3501,20,-1.9,441.6765,5,5.9323,2.68E5,2.76E5,2.72E5,1.44E5,,5.11E4,4.29E4,1.06E5,6.82E4,2.33E6,2.94E6,2.12E6,1.43E6,,3.99E5,3.91E5,1.11E6,6.24E5,753,"H4_ETD_z2_8_1ug_Dig120s_200uLmin_01.raw",11,2,1,2,1,1,1,1,1,1,"P62805|H4_HUMAN","",,False
NIQGITKPAIRRLARRGGVKR,69.61,2359.4512,21,-0.6,472.8972,5,4.6388,9.42E5,,,5.11E5,1.1E6,8.47E5,1.36E5,7.94E5,9.63E5,5.42E6,,,4.24E6,7.06E6,6.74E6,8.98E5,4.69E6,5.3E6,576,"H4_ETD_z2_8_1ug_Dig180s_200uLmin_01.raw",7,1,0,0,1,1,1,1,1,1,"P62805|H4_HUMAN","",,False
NIQGITKPAIRRLARRGGVKRIS,15.02,2559.5674,23,0.1,512.9208,5,6.8319,,,,,,,3.22E4,,,,,,,,,3.16E5,,,884,"H4_ETD_z2_8_1ug_Dig60s_100uLmin_01.raw",1,0,0,0,0,0,0,1,0,0,"P62805|H4_HUMAN","",,False
NIQGITKPAIRRLARRGGVKRISG,68.02,2616.5889,24,-2.1,437.1045,6,4.9664,7.39E4,,1.28E5,4.97E4,3.21E5,1.29E5,7.57E4,5.05E4,,1.74E6,,1.22E6,5.96E5,3.29E6,9.38E5,6.82E5,5.94E5,,608,"H4_ETD_z2_8_1ug_Dig180s_200uLmin_01.raw",10,2,1,1,1,2,1,1,1,0,"P62805|H4_HUMAN","",,False
NIQGITKPAIRRLARRGGVKRISGL,76.66,2729.6729,25,1.5,455.9534,6,6.4996,1.39E7,5.37E7,1.16E8,2.61E7,1.03E8,1.21E8,1.04E6,2.73E7,1.91E7,6.4E7,1.99E8,5.56E8,1.15E8,4.43E8,4.95E8,8.56E6,1.09E8,6.88E7,822,"H4_ETD_z2_8_1ug_Dig120s_200uLmin_01.raw",31,3,3,4,3,4,5,3,3,3,"P62805|H4_HUMAN","",,False
NIQGITKPAIRRLARRGGVKRISGLI,53.74,2842.7568,26,2.1,474.8011,6,6.1442,2.61E5,3.38E6,2.19E6,4.27E5,5.68E5,5.91E5,,1.15E5,5.14E5,1.48E6,1.97E7,1.2E7,2.31E6,2.85E6,3.27E6,,6.2E5,4.28E6,746,"H4_ETD_z2_8_1ug_Dig180s_200uLmin_01.raw",11,1,1,2,1,2,2,0,1,1,"P62805|H4_HUMAN","",,False
NIQGITKPAIRRLARRGGVKRISGLIY,68.99,3005.8203,27,0.4,602.1716,5,7.2059,2.62E5,1.02E6,1.07E6,3.68E5,1.16E6,1.21E6,,2.78E5,4.53E5,1.26E6,1.28E7,1.15E7,1.62E6,4.05E6,6.3E6,,1.52E6,4.75E6,888,"H4_ETD_z2_8_1ug_Dig120s_200uLmin_01.raw",12,1,2,2,1,1,2,0,1,2,"P62805|H4_HUMAN","",,False
NVIRDAVT,24.90,886.4872,8,-0.1,444.2509,2,4.4634,1.37E6,1.89E6,1.59E6,3.08E5,1.74E6,2.11E6,,1.37E6,1.87E6,7.15E6,3.69E7,1.04E7,5.07E6,1.07E7,1.33E7,,8.64E6,1.16E7,555,"H4_ETD_z2_8_1ug_Dig180s_200uLmin_01.raw",8,1,1,1,1,1,1,0,1,1,"P62805|H4_HUMAN","",,False
NVIRDAVTYTEHAKR,39.37,1771.9329,15,-0.5,443.9903,4,7.3379,,,,,,,,,,,,,,,,,,,904,"H4_ETD_z2_8_1ug_Dig120s_300uLmin_01.raw",1,0,0,1,0,0,0,0,0,0,"P62805|H4_HUMAN","",,False
NVIRDAVTYTEHAKRK,76.29,1900.0278,16,-0.5,381.0127,5,6.8739,2.25E5,3.39E6,6.59E5,3.9E5,6.93E5,5.07E5,1.83E4,2.1E5,4.74E5,1.49E6,1.98E7,4.66E6,2.29E6,4.1E6,3.31E6,3.34E5,1.13E6,3.12E6,855,"H4_ETD_z2_8_1ug_Dig120s_200uLmin_01.raw",11,1,2,2,1,1,1,1,1,1,"P62805|H4_HUMAN","",,False
NVIRDAVTYTEHAKRKTVTA,46.67,2272.2288,20,1.8,569.0655,4,6.1442,,,,,3.54E5,6.81E5,,,,,,,,4.81E6,6.61E6,,,,745,"H4_ETD_z2_8_1ug_Dig180s_200uLmin_01.raw",7,0,0,0,0,2,3,0,1,1,"P62805|H4_HUMAN","",,False
NVIRDAVTYTEHAKRKTVTAM,76.52,2403.2693,21,2.7,481.6624,5,7.6270,,8.91E6,9.3E6,,5.57E6,5.84E6,,1.01E6,1.81E6,,4.53E7,5.87E7,,2.54E7,3.66E7,,5.42E6,1.53E7,934,"H4_ETD_z2_8_1ug_Dig120s_200uLmin_01.raw",16,0,2,2,2,2,2,2,2,2,"P62805|H4_HUMAN","",,False
NVIRDAVTYTEHAKRKTVTAMD,75.86,2518.2961,22,-0.9,504.6661,5,7.4924,2.18E5,1.08E7,4.42E6,3.25E5,2.16E6,2.26E6,,1.07E6,1.55E6,1.53E6,6.29E7,2.76E7,2.57E6,1.08E7,1.48E7,,6E6,9.62E6,919,"H4_ETD_z2_8_1ug_Dig120s_200uLmin_01.raw",15,1,2,2,2,2,2,0,2,2,"P62805|H4_HUMAN","",,False
QDSWRKTFLTESQRLNRDQQI,14.73,2648.3418,21,-0.5,530.6754,5,6.9549,,,,,1.58E6,,,,,,,,,7.72E6,,,,,816,"H4_ETD_z2_8_1ug_Dig180s_200uLmin_01.raw",1,0,0,0,0,1,0,0,0,0,"","",,False
QFPEIRKQREQQERFQRV,20.35,2401.2727,18,1.6,481.2626,5,7.5086,,,,9.13E5,1.53E6,,,,,,,,3.8E6,2.63E6,,,,,907,"H4_ETD_z2_8_1ug_Dig120s_100uLmin_01.raw",4,1,0,0,1,2,0,0,0,0,"E7EVU5|E7EVU5_HUMAN;O75376|NCOR1_HUMAN;J3KS51|J3KS51_HUMAN","",,False
QGITKPAIRRLARRGGVKRISGL,25.15,2502.5459,23,-1.9,626.6426,4,5.7386,,,7.38E4,,,5.62E5,,,,,,3.93E5,,,2.71E6,,,,701,"H4_ETD_z2_8_1ug_Dig180s_300uLmin_01.raw",2,0,0,1,0,0,1,0,0,0,"P62805|H4_HUMAN","",,False
QGRTLYGFGG,38.64,1054.5195,10,-0.9,528.2666,2,7.6577,1.05E5,7.15E5,2.43E5,1.01E5,,1.8E5,2.34E4,1.23E5,1.05E5,7.94E5,5.14E6,2E6,9.04E5,,1.38E6,2.81E5,9.37E5,9.21E5,939,"H4_ETD_z2_8_1ug_Dig120s_200uLmin_01.raw",8,1,1,1,1,0,1,1,1,1,"P62805|H4_HUMAN","",,False
RDRDRDRERDREREYRHR,15.56,2570.2783,18,-7.5,515.0591,5,7.8855,,,1.08E5,,,,,,,,,7.43E5,,,,,,,979,"H4_ETD_z2_8_1ug_Dig120s_300uLmin_01.raw",1,0,0,1,0,0,0,0,0,0,"","",,False
RKVLRDNIQGITKPAIR,21.54,1977.1959,17,-0.5,495.3060,4,4.5503,2.43E4,,,,,,,,,2.48E5,,,,,,,,,559,"H4_ETD_z2_8_1ug_Dig180s_100uLmin_01.raw",2,1,0,0,1,0,0,0,0,0,"P62805|H4_HUMAN","",,False
RKVLRDNIQGITKPAIRR,50.54,2133.2971,18,-1.7,427.6660,5,5.1862,2.31E5,,,1.78E5,,,6.08E4,1.29E5,2.12E4,1.31E6,,,1.08E6,,,5.87E5,8.32E5,3.45E5,658,"H4_ETD_z2_8_1ug_Dig120s_100uLmin_01.raw",6,1,0,0,1,0,0,2,1,1,"P62805|H4_HUMAN","",,False
RKVLRDNIQGITKPAIRRL,40.44,2246.3811,19,-1.8,375.4034,6,6.0778,1.11E4,,,,,,,,,1.63E5,,,,,,,,,750,"H4_ETD_z2_8_1ug_Dig120s_100uLmin_01.raw",2,2,0,0,0,0,0,0,0,0,"P62805|H4_HUMAN","",,False
RKVLRDNIQGITKPAIRRLARRGGVKRISGL,50.73,3497.1494,31,-1.3,583.8647,6,6.4996,,9.65E5,,,,,7.37E4,3.76E5,,,5.68E6,,,,,5.47E5,1.99E6,,812,"H4_ETD_z2_8_1ug_Dig120s_200uLmin_01.raw",4,0,1,0,0,0,0,1,2,0,"P62805|H4_HUMAN","",,False
RLARRGGVKR,20.40,1167.7424,10,0.6,292.9431,4,2.4764,,5.91E4,,,,,,,,,3.1E5,,,,,,,,329,"H4_ETD_z2_8_1ug_Dig120s_200uLmin_01.raw",1,0,1,0,0,0,0,0,0,0,"P62805|H4_HUMAN","",,False
RLARRGGVKRISGL,50.54,1537.9641,14,-1.8,385.4976,4,3.6057,2.02E5,1.22E6,2.69E5,1.42E5,2.9E5,1.86E5,4.13E4,1.1E5,,2.14E6,8.07E6,1.45E6,1.35E6,2.08E6,1.37E6,3.29E5,6.65E5,,461,"H4_ETD_z2_8_1ug_Dig180s_200uLmin_01.raw",9,1,1,1,1,1,1,1,1,1,"P62805|H4_HUMAN","",,False
RQGRTLYGFGG,43.57,1210.6207,11,0.1,404.5475,3,7.1017,6.46E4,1.52E6,3.64E5,4.87E4,2.64E5,2.74E5,,1.33E5,2.17E5,5.03E5,1.17E7,2.85E6,4.55E5,2E6,1.89E6,,9.73E5,1.89E6,872,"H4_ETD_z2_8_1ug_Dig120s_200uLmin_01.raw",9,1,2,1,1,1,1,0,1,1,"P62805|H4_HUMAN","",,False
RRGGVKRISGL,20.57,1197.7418,11,-2.0,300.4421,4,4.4562,5.65E4,,,,,,,,,5.1E5,,,,,,,,,581,"H4_ETD_z2_8_1ug_Dig120s_100uLmin_01.raw",1,1,0,0,0,0,0,0,0,0,"P62805|H4_HUMAN","",,False
RWLGRWRRKRRWRRVRKAGP,18.50,2731.6335,20,-2.1,547.3329,5,7.4861,,,,,,,,,,,,,,,,,,,968,"H4_ETD_z2_8_1ug_Dig60s_100uLmin_01.raw",1,0,0,0,0,0,0,1,0,0,"","",,False
SEIKNRIKNVLRTTQLKRQKRDYRISLKLPNV,17.40,3907.3071,32,4.5,489.4229,8,5.1694,,9.42E5,,,,,,,,,3.47E6,,,,,,,,654,"H4_ETD_z2_8_1ug_Dig120s_200uLmin_01.raw",1,0,1,0,0,0,0,0,0,0,"","",,False
SGRGKGGKGLGKGGAK,53.27,1413.8164,16,-0.1,472.2794,3,1.3957,2.93E5,,,1.03E4,,,5.45E4,4.07E4,1.23E5,8.58E6,,,4.56E5,,,1.34E6,1.52E6,9.73E5,197,"H4_ETD_z2_8_1ug_Dig180s_100uLmin_01.raw",14,3,0,0,3,0,0,3,3,2,"P62805|H4_HUMAN","",,False
SGRGKGGKGLGKGGAKR,73.97,1569.9175,17,-1.5,393.4861,4,1.4131,,6.55E4,,,3E4,,,,,,9.37E5,,,2.01E5,,,,,201,"H4_ETD_z2_8_1ug_Dig120s_200uLmin_01.raw",3,0,1,0,1,1,0,0,0,0,"P62805|H4_HUMAN","",,False
SGRGKGGKGLGKGGAKRH,82.31,1706.9764,18,-0.4,427.7512,4,1.4131,,2.83E5,,,,,,,8.81E4,,4.06E6,,,,,,,8.25E5,203,"H4_ETD_z2_8_1ug_Dig120s_200uLmin_01.raw",11,2,2,0,2,0,0,0,2,3,"P62805|H4_HUMAN","",,False
SGRGKGGKGLGKGGAKRHR,74.07,1863.0775,19,-0.7,466.7763,4,1.4131,,1.72E5,4.12E4,,1.38E5,,,,,,2.37E6,3.38E5,,1.45E6,,,,,200,"H4_ETD_z2_8_1ug_Dig120s_200uLmin_01.raw",8,0,2,1,2,3,0,0,0,0,"P62805|H4_HUMAN","",,False
SGRGKGGKGLGKGGAKRHRK,82.71,1991.1725,20,-0.2,399.2417,5,1.4131,3.43E6,4.22E6,3.81E5,3.58E5,7.28E5,2.32E5,2.13E5,2.07E6,2.57E6,6.3E7,5.86E7,3.08E6,1.33E7,7.49E6,2.6E6,4.56E6,3.54E7,2.12E7,193,"H4_ETD_z2_8_1ug_Dig120s_200uLmin_01.raw",41,8,4,3,5,3,3,4,4,7,"P62805|H4_HUMAN","",,False
SGRGKGGKGLGKGGAKRHRKVL,69.10,2203.3250,22,-1.0,368.2277,6,3.5019,,,,,,,,,,,,,,,,,,,482,"H4_ETD_z2_8_1ug_Dig120s_300uLmin_01.raw",2,0,0,1,0,0,1,0,0,0,"P62805|H4_HUMAN","",,False
SGRGKGGKGLGKGGAKRHRKVLR,99.04,2359.4260,23,-2.4,394.2440,6,3.4353,8.73E5,1.95E6,,6.06E5,1.75E5,,1.04E5,6.03E5,1.43E4,8.21E6,2.42E7,,5.01E6,3.88E6,,1.99E6,5.34E6,3.77E5,464,"H4_ETD_z2_8_1ug_Dig120s_200uLmin_01.raw",21,3,3,1,3,3,0,2,2,4,"P62805|H4_HUMAN","",,False
SGRGKGGKGLGKGGAKRHRKVLRD,83.25,2474.4529,24,0.1,495.8979,5,2.4376,4.84E6,2.98E7,4.59E6,4.99E6,4.37E6,3.32E6,3.39E5,5.43E6,1.61E6,4.06E7,3.69E8,1.18E8,4.06E7,9.59E7,8.64E7,6.35E6,4.39E7,3.61E7,330,"H4_ETD_z2_8_1ug_Dig180s_200uLmin_01.raw",39,4,6,5,4,4,4,4,4,4,"P62805|H4_HUMAN","",,False
SGRGKGGKGLGKGGAKRHRKVLRDNIQ,75.22,2829.6387,27,1.0,472.6142,6,3.6542,4.91E5,3.12E6,1.2E6,2.15E5,,6.19E4,5.99E3,6.55E5,9.01E5,3.65E6,2.26E7,3.44E6,1.73E6,,3.91E5,2.68E5,3.92E6,2.52E6,508,"H4_ETD_z2_8_1ug_Dig120s_300uLmin_01.raw",12,1,2,2,1,0,1,1,2,2,"P62805|H4_HUMAN","",,False
SGRGKGGKGLGKGGAKRHRKVLRDNIQG,98.86,2886.6599,28,-0.7,578.3389,5,3.4758,1.18E6,8.24E6,4.72E6,1.12E6,3.03E6,1.67E6,,1.24E6,3.07E6,6.48E6,4.95E7,1.45E7,6.85E6,1.52E7,8.03E6,,4.92E6,7.02E6,476,"H4_ETD_z2_8_1ug_Dig120s_200uLmin_01.raw",21,2,3,4,2,3,2,0,2,3,"P62805|H4_HUMAN","",,False
SGRGKGGKGLGKGGAKRHRKVLRDNIQGITK,69.19,3228.8867,31,1.3,539.1558,6,4.1360,,3.28E5,,,,,,,,,9.72E5,,,,,,,,552,"H4_ETD_z2_8_1ug_Dig120s_200uLmin_01.raw",1,0,1,0,0,0,0,0,0,0,"P62805|H4_HUMAN","",,False
SGRGKGGKGLGKGGAKRHRKVLRDNIQGITKPAIR,88.72,3666.1619,35,0.1,459.2775,8,4.7428,2.61E6,8.82E6,2.78E6,1.21E6,1.71E6,1.03E6,1.05E5,1.57E6,,9.93E6,4.29E7,9.37E6,3.82E6,6.48E6,4.05E6,3.61E5,7.01E6,,599,"H4_ETD_z2_8_1ug_Dig120s_200uLmin_01.raw",26,3,5,6,2,2,2,1,3,2,"P62805|H4_HUMAN","",,False
SGRGKGGKGLGKGGAKRHRKVLRDNIQGITKPAIRR,81.98,3822.2629,36,1.5,478.7908,8,3.3541,8.77E5,2.34E7,8.29E6,7.5E6,8.56E6,6.38E6,1.55E6,8.67E6,7.57E6,7.34E6,1.27E8,2.43E7,3.46E7,2.78E7,3.11E7,3.98E6,3.33E7,2.5E7,436,"H4_ETD_z2_8_1ug_Dig180s_200uLmin_01.raw",49,8,7,5,5,5,6,3,4,6,"P62805|H4_HUMAN","",,False
SGRGKGGKGLGKGGAKRHRKVLRDNIQGITKPAIRRL,86.82,3935.3469,37,-1.3,438.2675,9,4.2666,1.01E7,4.5E7,1.46E7,6.66E6,1.37E7,8.83E6,9.84E4,9.34E6,9.35E6,2.98E7,1.62E8,6.57E7,2.84E7,4.62E7,3.21E7,8.18E5,3.14E7,3.09E7,530,"H4_ETD_z2_8_1ug_Dig180s_200uLmin_01.raw",52,5,4,10,7,6,5,2,6,7,"P62805|H4_HUMAN","",,False
SGRGKGGKGLGKGGAKRHRKVLRDNIQGITKPAIRRLARRG,34.33,4375.6079,41,-2.0,547.9572,8,4.2148,1.35E5,,,,3.9E4,,,,,4.16E5,,,,3.18E5,,,,,529,"H4_ETD_z2_8_1ug_Dig180s_200uLmin_01.raw",2,1,0,0,0,1,0,0,0,0,"P62805|H4_HUMAN","",,False
SGRGKGGKGLGKGGAKRHRKVLRDNIQGITKPAIRRLARRGGVK,36.19,4659.7925,44,0.6,518.7623,9,5.4368,5.88E5,,,,,,,,,1.52E6,,,,,,,,,753,"H4_ETD_z2_8_1ug_Dig120s_100uLmin_01.raw",1,1,0,0,0,0,0,0,0,0,"P62805|H4_HUMAN","",,False
SGRGKGGKGLGKGGAKRHRKVLRDNIQGITKPAIRRLARRGGVKR,71.56,4815.8936,45,1.3,602.9948,8,5.0394,2.1E6,5.54E6,2.24E6,9.47E5,1.87E6,8.98E5,,2.26E6,1.24E6,4.53E6,1.7E7,3.83E6,1.78E6,4.26E6,2.66E6,,5.05E6,2.1E6,653,"H4_ETD_z2_8_1ug_Dig120s_200uLmin_01.raw",14,2,2,2,1,2,2,0,2,1,"P62805|H4_HUMAN","",,False
SREREMEAKKR,15.66,1418.7412,11,-7.3,355.6900,4,3.9572,,2.43E5,,,,,,,,,1.66E6,,,,,,,,527,"H4_ETD_z2_8_1ug_Dig120s_200uLmin_01.raw",1,0,1,0,0,0,0,0,0,0,"","",,False
TEHAKRK,21.46,868.4879,7,-1.2,290.5029,3,1.6817,1.72E4,1.97E4,,,,,,1.77E4,,1.51E5,1.72E5,,,,,,1.66E5,,225,"H4_ETD_z2_8_1ug_Dig120s_200uLmin_01.raw",3,1,1,0,0,0,0,0,1,0,"P62805|H4_HUMAN;Q99525|H4G_HUMAN","",,False
TEHAKRKTVTA,20.16,1240.6887,11,0.2,414.5703,3,2.3951,,1.38E5,,,,,,,,,6.08E5,,,,,,,,312,"H4_ETD_z2_8_1ug_Dig120s_200uLmin_01.raw",1,0,1,0,0,0,0,0,0,0,"P62805|H4_HUMAN;Q99525|H4G_HUMAN","",,False
TEHAKRKTVTAM,23.72,1371.7292,12,0.8,458.2507,3,3.5587,,3.21E5,,,,,,,,,1.35E6,,,,,,,,485,"H4_ETD_z2_8_1ug_Dig120s_200uLmin_01.raw",1,0,1,0,0,0,0,0,0,0,"P62805|H4_HUMAN;Q99525|H4G_HUMAN","",,False
TKPAIRR,15.34,840.5294,7,-0.3,281.1837,3,3.1211,,,,,1.89E5,,,,,,,,,1.01E6,,,,,407,"H4_ETD_z2_8_1ug_Dig180s_200uLmin_01.raw",1,0,0,0,0,1,0,0,0,0,"P62805|H4_HUMAN","",,False
TKPAIRRLARRGGVKRISGL,26.83,2204.3818,20,-1.9,552.1017,4,5.4027,,,,,,,,,,,,,,,,,,,683,"H4_ETD_z2_8_1ug_Dig120s_200uLmin_01.raw",1,0,1,0,0,0,0,0,0,0,"P62805|H4_HUMAN","",,False
TYTEHAKR,15.77,1004.5039,8,0.2,335.8420,3,3.6535,8.15E3,,,,,,,,,6E4,,,,,,,,,489,"H4_ETD_z2_8_1ug_Dig120s_100uLmin_01.raw",1,1,0,0,0,0,0,0,0,0,"P62805|H4_HUMAN","",,False
TYTEHAKRK,37.64,1132.5989,9,-0.8,378.5399,3,3.4691,7.34E4,,,,,,,,,9.23E5,,,,,,,,,472,"H4_ETD_z2_8_1ug_Dig120s_100uLmin_01.raw",1,1,0,0,0,0,0,0,0,0,"P62805|H4_HUMAN","",,False
TYTEHAKRKTVTA,16.97,1504.7998,13,0.1,502.6073,3,3.8126,,8.45E4,,,,,,,,,5.2E5,,,,,,,,497,"H4_ETD_z2_8_1ug_Dig120s_200uLmin_01.raw",1,0,1,0,0,0,0,0,0,0,"P62805|H4_HUMAN","",,False
TYTEHAKRKTVTAM,48.19,1635.8402,14,-0.2,546.2872,3,4.4127,,,2.77E5,,,,,,1.96E4,,,1.81E6,,,,,,5.1E5,579,"H4_ETD_z2_8_1ug_Dig120s_300uLmin_01.raw",2,0,0,1,0,0,0,0,0,1,"P62805|H4_HUMAN","",,False
VIRDAVT,17.18,772.4443,7,0.0,387.2294,2,3.4772,,6.8E6,3.21E6,2.26E6,3.3E6,2.77E6,,2.07E6,,,3.23E7,1.72E7,1.06E7,1.63E7,1.71E7,,1.05E7,,449,"H4_ETD_z2_8_1ug_Dig180s_200uLmin_01.raw",8,1,1,1,1,1,1,0,1,1,"P62805|H4_HUMAN","",,False
VIRDAVTY,24.33,935.5076,8,-0.3,468.7609,2,6.0533,,,,,,5.1E4,3.12E4,7.41E4,,,,,,,6.41E5,3.57E5,7.04E5,,757,"H4_ETD_z2_8_1ug_Dig120s_200uLmin_01.raw",6,1,1,0,0,0,1,1,1,1,"P62805|H4_HUMAN","",,False
VIRDAVTYTEH,54.90,1302.6567,11,-1.6,435.2255,3,5.3197,,2.06E5,,,,,,5.89E4,8.16E4,,2.73E6,,,,,,5.65E5,7.25E5,681,"H4_ETD_z2_8_1ug_Dig120s_200uLmin_01.raw",3,0,1,0,0,0,0,0,1,1,"P62805|H4_HUMAN","",,False
VIRDAVTYTEHAK,34.59,1501.7888,13,-1.0,376.4541,4,6.1816,,,,,,,,,3.67E4,,,,,,,,,3.54E5,803,"H4_ETD_z2_8_1ug_Dig60s_300uLmin_01.raw",1,0,0,0,0,0,0,0,0,1,"P62805|H4_HUMAN","",,False
VIRDAVTYTEHAKR,46.08,1657.8900,14,-2.0,415.4789,4,4.9552,,1.06E5,,,,,,2.36E4,,,1.07E6,,,,,,3.27E5,,639,"H4_ETD_z2_8_1ug_Dig120s_200uLmin_01.raw",2,0,1,0,0,0,0,0,1,0,"P62805|H4_HUMAN","",,False
VIRDAVTYTEHAKRK,73.37,1785.9850,15,-2.1,447.5026,4,4.5181,4.95E5,6.35E6,1.79E6,5.01E5,8.91E5,1.21E6,1.17E5,3.58E5,1.08E6,4.53E6,4.38E7,1.18E7,2.77E6,4.91E6,1.01E7,1.15E6,2.08E6,9.36E6,587,"H4_ETD_z2_8_1ug_Dig120s_200uLmin_01.raw",17,2,2,2,2,2,2,2,1,2,"P62805|H4_HUMAN","",,False
VIRDAVTYTEHAKRKTVT,60.75,2087.1487,18,-0.7,418.4367,5,4.8437,,1.67E5,6.74E4,,,,,2.23E4,,,2.03E6,8.31E5,,,,,2.06E5,,625,"H4_ETD_z2_8_1ug_Dig120s_200uLmin_01.raw",4,0,2,1,0,0,0,0,1,0,"P62805|H4_HUMAN","",,False
VIRDAVTYTEHAKRKTVTA,85.16,2158.1858,19,0.4,432.6446,5,4.9577,3.38E5,2.49E6,1.52E6,4.02E5,2.62E5,5.62E5,1.07E5,2.18E5,7.57E5,2.57E6,1.66E7,1E7,3.39E6,3.7E6,3.64E6,1.24E6,4.37E6,7.14E6,643,"H4_ETD_z2_8_1ug_Dig120s_200uLmin_01.raw",18,2,2,2,2,2,2,2,2,2,"P62805|H4_HUMAN","",,False
VIRDAVTYTEHAKRKTVTAM,77.08,2289.2263,20,1.6,573.3148,4,5.5595,2.15E6,1.25E7,2.25E7,1.85E6,1.69E7,1.72E7,1.01E5,3.54E6,5.81E6,1.67E7,8.74E7,1.5E8,1.05E7,9.12E7,1.59E8,7.4E5,2.32E7,3.85E7,705,"H4_ETD_z2_8_1ug_Dig120s_200uLmin_01.raw",18,2,2,3,1,2,3,1,2,2,"P62805|H4_HUMAN","",,False
VIRDAVTYTEHAKRKTVTAMD,79.24,2404.2532,21,0.8,481.8583,5,5.5595,1.28E6,2.19E7,1.24E7,9.02E5,8.64E6,1.09E7,1.39E5,2.26E6,5.4E6,1.01E7,1.53E8,8.41E7,5.04E6,5.15E7,8.38E7,1.23E6,1.37E7,3.84E7,704,"H4_ETD_z2_8_1ug_Dig120s_200uLmin_01.raw",17,2,2,2,1,2,2,2,2,2,"P62805|H4_HUMAN","",,False
VIRDAVTYTEHAKRKTVTAMDVVYALKRQGRTLYGFGG,66.83,4270.2798,38,3.1,712.7228,6,9.0485,,2.05E5,,,1.1E5,4.17E5,,,1.51E5,,1.11E6,,,7.89E5,3.31E6,,,2.12E6,1094,"H4_ETD_z2_8_1ug_Dig120s_300uLmin_01.raw",8,0,1,2,0,1,2,0,0,2,"P62805|H4_HUMAN","",,False
VLRDNIQ,22.35,856.4766,7,-1.4,429.2450,2,3.9433,1.65E6,1.62E6,3.94E5,1.34E6,9.65E5,2.94E5,2.07E5,,2.05E5,9.97E6,1.03E7,2.67E6,8.05E6,5.23E6,2.17E6,2.49E6,,1.84E6,497,"H4_ETD_z2_8_1ug_Dig180s_200uLmin_01.raw",9,1,1,1,1,1,1,1,1,1,"P62805|H4_HUMAN","",,False
VLRDNIQG,25.44,913.4981,8,1.5,457.7570,2,4.9918,8.03E5,5.98E5,5.12E5,5.95E5,3.79E5,3.26E5,1.92E5,1.79E5,2.29E5,5.34E6,3.96E6,3.04E6,4.81E6,4.01E6,2.35E6,2.45E6,3.65E6,2.32E6,636,"H4_ETD_z2_8_1ug_Dig120s_100uLmin_01.raw",9,1,1,1,1,1,1,1,1,1,"P62805|H4_HUMAN","",,False
VLRDNIQGITK,40.26,1255.7249,11,-1.0,419.5818,3,4.7795,3.42E5,,,1.74E5,,,5.77E4,1.06E5,,1.92E6,,,1.47E6,,,5.42E5,1.06E6,,593,"H4_ETD_z2_8_1ug_Dig180s_100uLmin_01.raw",4,1,0,0,1,0,0,1,1,0,"P62805|H4_HUMAN","",,False
VLRDNIQGITKPA,20.75,1423.8147,13,6.6,475.6153,3,7.0326,,,,,,,1.09E4,,,,,,,,,1.7E5,,,908,"H4_ETD_z2_8_1ug_Dig60s_100uLmin_01.raw",1,0,0,0,0,0,0,1,0,0,"P62805|H4_HUMAN","",,False
VLRDNIQGITKPAIR,53.16,1692.9999,15,-2.0,424.2564,4,6.2314,1.24E6,2.31E6,1.16E6,,2.77E6,5.18E5,9.26E5,1.41E6,1.42E5,7E6,1.4E7,7.66E6,,1.51E7,3.03E6,1.04E7,8.23E6,1.13E6,778,"H4_ETD_z2_8_1ug_Dig120s_200uLmin_01.raw",16,2,2,2,1,2,2,2,2,1,"P62805|H4_HUMAN","",,False
VLRDNIQGITKPAIRR,58.73,1849.1010,16,-1.5,463.2818,4,4.8339,1.26E7,1.41E7,9.34E5,5.73E6,4.14E6,2.46E6,1.36E6,3.55E6,4.2E6,6.26E7,7.62E7,1.29E7,2.72E7,2.12E7,1.49E7,1.46E7,2.06E7,2.57E7,595,"H4_ETD_z2_8_1ug_Dig180s_200uLmin_01.raw",24,3,2,2,3,3,3,3,3,2,"P62805|H4_HUMAN","",,False
VLRDNIQGITKPAIRRL,67.65,1962.1851,17,-0.4,491.5533,4,6.7906,2.97E6,2.52E6,7.64E5,2.08E6,1.2E6,5.14E5,6.83E5,2.02E6,1.02E6,1.67E7,1.64E7,5.81E6,1.11E7,7.53E6,2.68E6,5.5E6,9.59E6,9E6,843,"H4_ETD_z2_8_1ug_Dig120s_200uLmin_01.raw",17,2,1,2,2,2,2,2,2,2,"P62805|H4_HUMAN","",,False
VLRDNIQGITKPAIRRLARRGGVK,54.43,2686.6306,24,-2.1,538.3323,5,6.4996,5.54E5,6.83E5,,8.59E5,,,1.49E5,1.94E5,,2.73E6,4.24E6,,4E6,,,1.24E6,1.42E6,,808,"H4_ETD_z2_8_1ug_Dig120s_200uLmin_01.raw",9,1,2,0,2,0,0,2,2,0,"P62805|H4_HUMAN","",,False
VLRDNIQGITKPAIRRLARRGGVKR,70.23,2842.7317,25,-1.9,474.7950,6,6.1386,2.57E6,1.44E6,5.48E5,5.59E5,8.53E5,6.25E5,3.65E5,1.42E6,1.21E6,1.13E7,1.1E7,2.72E6,2.84E6,3.61E6,3.56E6,2.97E6,6.63E6,6.74E6,775,"H4_ETD_z2_8_1ug_Dig120s_200uLmin_01.raw",18,3,1,1,2,1,2,3,2,3,"P62805|H4_HUMAN","",,False
VLRDNIQGITKPAIRRLARRGGVKRISG,24.66,3099.8694,28,1.9,517.6531,6,7.3707,,,,,,,5.54E4,,,,,,,,,4.72E5,,,951,"H4_ETD_z2_8_1ug_Dig60s_100uLmin_01.raw",1,0,0,0,0,0,0,1,0,0,"P62805|H4_HUMAN","",,False
VLRDNIQGITKPAIRRLARRGGVKRISGL,66.73,3212.9534,29,-1.1,460.0001,7,6.8842,1.46E7,2.81E7,1.3E7,8.88E6,1.26E7,6.99E6,2.15E6,,3.27E6,7E7,1.35E8,6.74E7,3.8E7,6.25E7,4.19E7,1.35E7,,2.92E7,868,"H4_ETD_z2_8_1ug_Dig120s_200uLmin_01.raw",32,4,4,3,4,3,4,4,3,3,"P62805|H4_HUMAN","",,False
VLRDNIQGITKPAIRRLARRGGVKRISGLI,35.86,3326.0374,30,-0.1,555.3468,6,7.4389,1.14E5,,5.21E4,7.95E4,,,,,,6.31E5,,6.83E5,4.56E5,,,,,,918,"H4_ETD_z2_8_1ug_Dig120s_300uLmin_01.raw",3,1,0,1,1,0,0,0,0,0,"P62805|H4_HUMAN","",,False
VNKRLEK,19.10,885.5396,7,-1.5,296.1867,3,4.6122,4.08E4,,,2.95E4,,,,,,2E5,,,1.48E5,,,,,,563,"H4_ETD_z2_8_1ug_Dig180s_100uLmin_01.raw",2,1,0,0,1,0,0,0,0,0,"","",,False
VSHEDPEVKFNW,56.60,1485.6888,12,2.1,496.2379,3,7.5918,2.02E4,,1.35E4,2.62E4,5.21E4,4.91E4,,,,2.22E5,,2.51E5,2.95E5,5.12E5,4.26E5,,,,893,"H4_ETD_z2_8_1ug_Dig180s_200uLmin_01.raw",5,1,0,1,1,1,1,0,0,0,"P01857|IGHG1_HUMAN","",,False
VTAMDVVYALKRQGRTLYGFGG,16.80,2401.2576,22,5.6,481.2615,5,8.5791,,,,,,,,,1.97E6,,,,,,,,,6.87E6,1060,"H4_ETD_z2_8_1ug_Dig60s_300uLmin_01.raw",1,0,0,0,0,0,0,0,0,1,"P62805|H4_HUMAN","",,False
VTYTEHAKR,39.80,1103.5724,9,1.4,368.8652,3,2.5484,3.65E4,,,2.77E4,2.69E4,,,,,3.07E5,,,3.04E5,1.75E5,,,,,347,"H4_ETD_z2_8_1ug_Dig180s_100uLmin_01.raw",3,1,0,0,1,1,0,0,0,0,"P62805|H4_HUMAN","",,False
VTYTEHAKRK,42.45,1231.6674,10,-1.6,308.9236,4,4.5028,1.35E5,,,,,,,8.4E4,,1.48E6,,,,,,,1.1E6,,607,"H4_ETD_z2_8_1ug_Dig60s_200uLmin_01.raw",4,1,0,0,0,0,0,1,2,0,"P62805|H4_HUMAN","",,False
VTYTEHAKRKTVTA,70.50,1603.8682,14,-2.0,401.9735,4,3.6059,9.85E4,3.08E5,9.25E4,1.03E5,6.48E4,7.29E4,2.47E4,1.13E5,6.62E4,6.32E5,2.14E6,7.9E5,7.75E5,3.44E5,6.11E5,2.4E5,8.1E5,5.81E5,493,"H4_ETD_z2_8_1ug_Dig120s_200uLmin_01.raw",9,1,1,1,1,1,1,1,1,1,"P62805|H4_HUMAN","",,False
VTYTEHAKRKTVTAM,74.62,1734.9087,15,1.6,434.7351,4,4.2497,7.33E4,1.56E6,9.01E5,1.65E5,6.04E5,4.38E5,2.49E4,1.74E5,5.74E5,4.81E5,9.77E6,5.63E6,1.5E6,3.27E6,2.75E6,2.86E5,1.56E6,4.5E6,564,"H4_ETD_z2_8_1ug_Dig120s_200uLmin_01.raw",13,1,2,2,1,1,1,1,1,3,"P62805|H4_HUMAN","",,False
VTYTEHAKRKTVTAMD,66.58,1849.9357,16,-0.3,463.4910,4,4.2478,,7.16E5,4.99E5,8.04E4,,2.84E5,,,3.51E5,,5.4E6,3.68E6,1.05E6,,1.75E6,,,2.43E6,557,"H4_ETD_z2_8_1ug_Dig120s_200uLmin_01.raw",5,0,1,1,1,0,1,0,0,1,"P62805|H4_HUMAN","",,False
VVVDVSHEDPEVKFNW,28.10,1897.9210,16,3.2,633.6496,3,8.1569,,,,,,3.16E4,,,,,,,,,3.75E5,,,,970,"H4_ETD_z2_8_1ug_Dig180s_300uLmin_01.raw",1,0,0,0,0,0,1,0,0,0,"P01857|IGHG1_HUMAN","",,False
VVYALKRQ,37.97,975.5865,8,-2.0,326.2021,3,5.0394,,4.6E5,2.61E5,,,2.27E5,,,1.24E5,,2.99E6,1.94E6,,,1.44E6,,,1.1E6,647,"H4_ETD_z2_8_1ug_Dig120s_200uLmin_01.raw",6,0,1,1,0,1,1,0,0,2,"P62805|H4_HUMAN","",,False
VVYALKRQGR,55.94,1188.7091,10,-0.8,298.1843,4,4.5705,1.18E5,2.82E6,9.17E5,5.19E5,1.58E6,3.59E5,4.18E4,6.57E5,1.82E5,2.37E6,1.98E7,4.5E6,3.83E6,9.3E6,5.13E6,3.48E5,4.02E6,3.09E6,598,"H4_ETD_z2_8_1ug_Dig120s_200uLmin_01.raw",18,2,2,2,2,2,2,2,2,2,"P62805|H4_HUMAN","",,False
VVYALKRQGRTL,54.49,1402.8408,12,-1.0,351.7171,4,5.7296,,,2.04E5,,,4.55E5,,9.57E4,7.57E4,,,4.43E6,,,5.85E6,,8.53E5,1.41E6,720,"H4_ETD_z2_8_1ug_Dig120s_200uLmin_01.raw",7,0,1,2,0,0,2,0,1,1,"P62805|H4_HUMAN","",,False
VVYALKRQGRTLYGFGG,79.28,1884.0370,17,3.0,472.0179,4,6.6094,7.62E5,3.76E7,2.68E7,1.06E6,8.85E6,1.29E7,9.15E4,3.64E6,4.79E6,4.86E6,2.23E8,1.71E8,7.87E6,3.97E7,8.42E7,1.5E6,2.05E7,2.76E7,787,"H4_ETD_z2_8_1ug_Dig180s_200uLmin_01.raw",18,2,2,2,2,2,2,2,2,2,"P62805|H4_HUMAN","",,False
VYALKRQGRTLYGFGG,33.07,1784.9685,16,-0.7,595.9964,3,8.2604,,,2.88E5,,,,,,,,,2.49E6,,,,,,,1016,"H4_ETD_z2_8_1ug_Dig120s_300uLmin_01.raw",2,0,0,2,0,0,0,0,0,0,"P62805|H4_HUMAN","",,False
YALKRQGRTL,20.59,1204.7040,10,-0.1,402.5753,3,4.7955,,,4.92E4,,,,,,,,,3.01E5,,,,,,,633,"H4_ETD_z2_8_1ug_Dig120s_300uLmin_01.raw",1,0,0,1,0,0,0,0,0,0,"P62805|H4_HUMAN","",,False
YTEHAKR,36.26,903.4562,7,-1.6,302.1589,3,3.4362,1.49E5,2.52E5,,1.5E5,,,,1.08E5,6.61E4,8.49E5,2.94E6,,1.34E6,,,,5.6E5,2.91E5,457,"H4_ETD_z2_8_1ug_Dig120s_200uLmin_01.raw",5,1,1,0,1,0,0,0,1,1,"P62805|H4_HUMAN","",,False
YTEHAKRK,40.97,1031.5513,8,0.9,344.8580,3,1.7223,5.94E5,6.62E5,2.7E4,2.94E5,4.57E4,,5.05E4,6.38E5,1.83E5,4.98E6,5.29E6,2.04E5,1.98E6,3.34E5,,4.1E5,5.69E6,1.36E6,232,"H4_ETD_z2_8_1ug_Dig180s_200uLmin_01.raw",13,2,2,1,2,1,0,1,2,2,"P62805|H4_HUMAN","",,False
YTEHAKRKTVTA,68.62,1403.7521,12,-0.8,351.9450,4,3.4758,5.8E5,3.68E6,3.66E5,1.91E5,5.05E5,1.8E5,,4.74E5,1.55E5,5.97E6,3.16E7,2.54E6,2.43E6,5.76E6,1.19E6,,5.65E6,3.09E6,474,"H4_ETD_z2_8_1ug_Dig120s_200uLmin_01.raw",18,2,2,2,1,3,2,2,2,2,"P62805|H4_HUMAN","",,False
YTEHAKRKTVTAM,73.60,1534.7926,13,-0.3,384.7053,4,3.7327,9.35E5,2.33E7,1.36E6,3.59E5,5.04E6,5E6,5.07E4,2.77E6,2.61E6,6.28E6,1.54E8,7.73E6,1.8E6,3.31E7,2.91E7,8.18E5,1.9E7,1.51E7,500,"H4_ETD_z2_8_1ug_Dig120s_200uLmin_01.raw",18,2,3,2,1,2,2,2,2,2,"P62805|H4_HUMAN","",,False
YTEHAKRKTVTAMD,65.85,1649.8196,14,-1.6,413.4615,4,2.7653,5.12E5,1.35E7,9.88E5,2.15E5,3.78E6,3.38E6,4.22E4,1.92E6,1.92E6,3.52E6,1.11E8,5.69E6,1.39E6,2.31E7,2.11E7,6.75E5,1.4E7,1.16E7,374,"H4_ETD_z2_8_1ug_Dig180s_200uLmin_01.raw",14,1,2,1,1,2,2,1,2,2,"P62805|H4_HUMAN","",,False
YTEHAKRKTVTAMDVVYALKRQGRTLYGFGG,71.37,3515.8459,31,0.4,586.9818,6,9.1083,,,5.76E5,,1.83E5,2.22E5,,,,,,3.7E6,,1.56E6,2.28E6,,,,1104,"H4_ETD_z2_8_1ug_Dig120s_300uLmin_01.raw",7,0,0,2,0,2,1,0,0,2,"P62805|H4_HUMAN","",,False
YYRPRFFLLENVR,16.58,1771.9521,13,-9.6,443.9911,4,6.5741,,,,,,,,,,,,,,,,,,,791,"H4_ETD_z2_8_1ug_Dig180s_300uLmin_01.raw",1,0,0,0,0,0,1,0,0,0,"","",,False
