"Peptide","Significance","-10LgP","Avg. ppm","1/K0","Area BSA_01","Area BGAL_01","Sample Profile (Ratio)","Area BSA","Area BGAL","Group Profile (Ratio)","Avg. Area","Max Ratio","RT Mean","#Vector","Accession","PTM"
"AAGHYQAEAALLQ",0.00,20.92,0.0,0.9060032-0.9421881,0.0,140.83366,-:64.00,0.0,140.83366,-:64.00,70.41683,64.00,21.55,1,"BGALBSAFUSION|BGALecoliBSAbovineFUSION_01",""
"ADESHAGC(+57.02)EK",0.00,42.72,0.0,0.84044915-0.86305666,274.104,0.0,1.00:0.00,274.104,0.0,1.00:0.00,137.052,64.00,5.17,1,"BGALBSAFUSION|BGALecoliBSAbovineFUSION_01","Carbamidomethylation"
"AEFVEVTK",0.00,37.43,0.0,0.7588982-0.83253187,656292.44,411.59595,1.00:0.02,656292.44,411.59595,1.00:0.02,328352.03,64.00,14.42,1,"BGALBSAFUSION|BGALecoliBSAbovineFUSION_01",""
"AFDEKLFTFHADIC(+57.02)TLPDTEK",0.00,46.01,0.0,0.94991124-0.9982875,281.2682,0.0,1.00:0.00,281.2682,0.0,1.00:0.00,140.6341,64.00,37.38,2,"BGALBSAFUSION|BGALecoliBSAbovineFUSION_01","Carbamidomethylation"
"ALKAWSVAR",0.00,34.19,0.0,0.82234895-0.86757576,25222.45,0.0,1.00:0.00,25222.45,0.0,1.00:0.00,12611.225,64.00,16.98,2,"BGALBSAFUSION|BGALecoliBSAbovineFUSION_01",""
"AM(+15.99)GIM(+15.99)NSFVNDIFER",0.00,41.76,0.0,1.059267-1.0951315,0.0,159.6655,-:64.00,0.0,159.6655,-:64.00,79.83275,64.00,36.06,1,"P06899|H2B1J_HUMAN","Oxidation (M); Oxidation (M)"
"AMASVAR",0.00,24.09,0.0,0.702114-0.7316573,1348.279,0.0,1.00:0.00,1348.279,0.0,1.00:0.00,674.1395,64.00,9.36,1,"H7C2G2|H7C2G2_HUMAN:Q93070|NAR4_HUMAN",""
"AMGNSLGGFAK",0.00,38.40,0.0,0.81748354-0.84817624,0.0,528.33,-:64.00,0.0,528.33,-:64.00,264.165,64.00,18.06,1,"BGALBSAFUSION|BGALecoliBSAbovineFUSION_01",""
"APLDN(+0.98)DIGVSEATR",0.00,59.29,0.0,0.9433176-0.98505926,92.04369,46179.883,1.00:64.00,92.04369,46179.883,1.00:64.00,23135.963,64.00,19.93,1,"BGALBSAFUSION|BGALecoliBSAbovineFUSION_01","Deamidation (NQ)"
"APLDNDIGVSEATR",0.00,48.43,0.0,0.9455765-0.99632347,384.36627,134649.9,1.00:64.00,384.36627,134649.9,1.00:64.00,67517.13,64.00,19.44,2,"BGALBSAFUSION|BGALecoliBSAbovineFUSION_01",""
"ASGEVPLDVAPQ(+0.98)GK",0.00,26.33,0.0,0.91279364-0.9591237,0.0,571.9359,-:64.00,0.0,571.9359,-:64.00,285.96796,64.00,20.44,1,"BGALBSAFUSION|BGALecoliBSAbovineFUSION_01","Deamidation (NQ)"
"ASGEVPLDVAPQGK",0.00,43.49,0.0,0.9161878-0.9579951,0.0,21290.781,-:64.00,0.0,21290.781,-:64.00,10645.391,64.00,19.65,1,"BGALBSAFUSION|BGALecoliBSAbovineFUSION_01",""
"ATDSDTESRGLR",0.00,21.05,0.0,0.9251254-0.9521633,1653.602,0.0,1.00:0.00,1653.602,0.0,1.00:0.00,826.801,64.00,16.89,1,"Q9P1A6|DLGP2_HUMAN:A0A0G2JPE0|A0A0G2JPE0_HUMAN:A0A0J9YY16|A0A0J9YY16_HUMAN:A0A0J9YY63|A0A0J9YY63_HUMAN:A0A1B0GXK6|A0A1B0GXK6_HUMAN:A0A0J9YX70|A0A0J9YX70_HUMAN:A0A0G2JLW6|A0A0G2JLW6_HUMAN:A0A1B0GTN4|A0A1B0GTN4_HUMAN:H0YBY6|H0YBY6_HUMAN",""
"ATEEQ(+0.98)LKTVMENFVAFVDK",0.00,45.98,0.0,0.8788701-0.91723406,57.795666,0.0,1.00:0.00,57.795666,0.0,1.00:0.00,28.897833,64.00,48.22,1,"BGALBSAFUSION|BGALecoliBSAbovineFUSION_01","Deamidation (NQ)"
"ATEEQLK",0.00,21.43,0.0,0.72257066-0.78271043,163962.81,0.0,1.00:0.00,163962.81,0.0,1.00:0.00,81981.41,64.00,3.35,1,"P33240|CSTF2_HUMAN:E7EWR4|E7EWR4_HUMAN:E9PID8|E9PID8_HUMAN:BGALBSAFUSION|BGALecoliBSAbovineFUSION_01:A0A0A0MT56|A0A0A0MT56_HUMAN:Q9H0L4|CSTFT_HUMAN",""
"ATEEQLKTVM(+15.99)ENFVAFVDK",0.00,57.37,0.0,0.84044915-0.9735482,2180.6816,0.0,1.00:0.00,2180.6816,0.0,1.00:0.00,1090.3408,64.00,38.02,1,"BGALBSAFUSION|BGALecoliBSAbovineFUSION_01","Oxidation (M)"
"ATEEQLKTVMENFVAFVDK",0.00,49.13,0.0,0.854016-0.9454065,591.99866,0.0,1.00:0.00,591.99866,0.0,1.00:0.00,295.99933,64.00,48.30,1,"BGALBSAFUSION|BGALecoliBSAbovineFUSION_01",""
"AVVELHTADGTL",0.00,40.50,0.0,0.89921004-0.9263665,0.0,1587.233,-:64.00,0.0,1587.233,-:64.00,793.6165,64.00,23.66,1,"BGALBSAFUSION|BGALecoliBSAbovineFUSION_01",""
"C(+57.02)C(+57.02)AAD(+21.98)DKEAC(+57.02)FAVEGPK",0.00,42.39,0.0,0.85966676-0.8890308,90.46012,0.0,1.00:0.00,90.46012,0.0,1.00:0.00,45.23006,64.00,16.73,1,"BGALBSAFUSION|BGALecoliBSAbovineFUSION_01","Carbamidomethylation; Carbamidomethylation; Sodium adduct; Carbamidomethylation"
"C(+57.02)C(+57.02)AADDKEAC(+57.02)FAVEGPK",0.00,56.48,0.0,0.84497225-0.9206164,194835.6,162.7732,1.00:0.02,194835.6,162.7732,1.00:0.02,97499.18,64.00,16.84,2,"BGALBSAFUSION|BGALecoliBSAbovineFUSION_01","Carbamidomethylation; Carbamidomethylation; Carbamidomethylation"
"C(+57.02)C(+57.02)TESLVNR",0.00,39.17,0.0,0.84158003-0.92625254,360050.34,89.89233,1.00:0.02,360050.34,89.89233,1.00:0.02,180070.12,64.00,10.11,1,"B7WNR0|B7WNR0_HUMAN:A0A0C4DGB6|A0A0C4DGB6_HUMAN:BGALBSAFUSION|BGALecoliBSAbovineFUSION_01:P02768|ALBU_HUMAN:C9JKR2|C9JKR2_HUMAN:D6RHD5|D6RHD5_HUMAN:H0YA55|H0YA55_HUMAN","Carbamidomethylation; Carbamidomethylation"
"C(+57.02)C(+57.02)TKPESER",0.00,37.18,0.0,0.73506397-0.7691061,16631.012,0.0,1.00:0.00,16631.012,0.0,1.00:0.00,8315.506,64.00,2.17,1,"BGALBSAFUSION|BGALecoliBSAbovineFUSION_01","Carbamidomethylation; Carbamidomethylation"
"C(+57.02)C(+57.02)TKPESERM(+15.99)PC(+57.02)TEDYLSLILNR",0.00,54.79,0.0,0.8461029-0.8969308,419.72748,0.0,1.00:0.00,419.72748,0.0,1.00:0.00,209.86374,64.00,38.01,1,"BGALBSAFUSION|BGALecoliBSAbovineFUSION_01","Carbamidomethylation; Carbamidomethylation; Oxidation (M); Carbamidomethylation"
"C(+57.02)DNQDTISSK",0.00,46.82,0.0,0.8551463-0.8799993,8158.007,0.0,1.00:0.00,8158.007,0.0,1.00:0.00,4079.0034,64.00,11.12,1,"BGALBSAFUSION|BGALecoliBSAbovineFUSION_01","Carbamidomethylation"
"C(+57.02)FSALTPDETYVPK",0.00,32.82,0.0,1.0140183-1.0936486,3099.503,0.0,1.00:0.00,3099.503,0.0,1.00:0.00,1549.7515,64.00,27.28,1,"BGALBSAFUSION|BGALecoliBSAbovineFUSION_01","Carbamidomethylation"
"C(+57.02)TEDYLSLILNR",0.00,37.57,0.0,1.0061541-1.035352,111.51868,0.0,1.00:0.00,111.51868,0.0,1.00:0.00,55.75934,64.00,39.07,1,"BGALBSAFUSION|BGALecoliBSAbovineFUSION_01","Carbamidomethylation"
"C(+57.02)TESLVNR",0.00,28.57,0.0,0.78950995-0.8200855,1149.5618,0.0,1.00:0.00,1149.5618,0.0,1.00:0.00,574.7809,64.00,8.37,1,"B7WNR0|B7WNR0_HUMAN:A0A0C4DGB6|A0A0C4DGB6_HUMAN:BGALBSAFUSION|BGALecoliBSAbovineFUSION_01:P02768|ALBU_HUMAN:C9JKR2|C9JKR2_HUMAN:D6RHD5|D6RHD5_HUMAN:H0YA55|H0YA55_HUMAN","Carbamidomethylation"
"D(+21.98)WE(+21.98)NPGVTQLNR",0.00,20.24,0.0,0.9523514-0.9749152,0.0,24.602386,-:64.00,0.0,24.602386,-:64.00,12.301193,64.00,17.01,1,"BGALBSAFUSION|BGALecoliBSAbovineFUSION_01","Sodium adduct; Sodium adduct"
"DAFLGSFLYEYSR",0.00,55.43,0.0,1.0364743-1.0768458,10773.334,0.0,1.00:0.00,10773.334,0.0,1.00:0.00,5386.667,64.00,41.16,1,"BGALBSAFUSION|BGALecoliBSAbovineFUSION_01",""
"DAIPENLPPLTADFAEDKDVC(+57.02)K",0.00,20.30,0.0,0.89580244-0.9679223,597.2581,0.0,1.00:0.00,597.2581,0.0,1.00:0.00,298.62906,64.00,34.87,1,"BGALBSAFUSION|BGALecoliBSAbovineFUSION_01","Carbamidomethylation"
"DDPHAC(+57.02)YSTVFDK",0.00,61.41,0.0,0.75436-0.7861104,24000.21,59.589848,1.00:0.02,24000.21,59.589848,1.00:0.02,12029.9,64.00,18.53,2,"BGALBSAFUSION|BGALecoliBSAbovineFUSION_01","Carbamidomethylation"
"DDPHAC(+57.02)YSTVFDKLK",0.00,51.23,0.0,0.81782186-0.8709646,13950.726,53.176807,1.00:0.02,13950.726,53.176807,1.00:0.02,7001.951,64.00,25.86,2,"BGALBSAFUSION|BGALecoliBSAbovineFUSION_01","Carbamidomethylation"
"DDSPDLPK",0.00,31.34,0.0,0.729386-0.791776,9576.97,0.0,1.00:0.00,9576.97,0.0,1.00:0.00,4788.485,64.00,10.14,1,"BGALBSAFUSION|BGALecoliBSAbovineFUSION_01",""
"DFQFNISR",0.00,25.38,2.5,0.80951726-0.8731449,173.44495,96281.57,1.00:64.00,173.44495,96281.57,1.00:64.00,48227.508,64.00,25.02,1,"BGALBSAFUSION|BGALecoliBSAbovineFUSION_01",""
"DGKPLASGEVPLDVAPQGK",0.00,30.52,0.0,0.787876-0.8322683,0.0,3174.589,-:64.00,0.0,3174.589,-:64.00,1587.2946,64.00,24.96,1,"BGALBSAFUSION|BGALecoliBSAbovineFUSION_01",""
"DKEAC(+57.02)FAVEGPK",0.00,44.63,0.0,0.70893466-0.7781765,1985.1891,0.0,1.00:0.00,1985.1891,0.0,1.00:0.00,992.59454,64.00,14.65,2,"BGALBSAFUSION|BGALecoliBSAbovineFUSION_01","Carbamidomethylation"
"DLGEEHFK",0.00,23.28,0.0,0.8008384-0.8257437,18271.762,0.0,1.00:0.00,18271.762,0.0,1.00:0.00,9135.881,64.00,10.73,1,"BGALBSAFUSION|BGALecoliBSAbovineFUSION_01",""
"DNDIGVSEATR",0.00,26.63,0.0,0.8459046-0.88448244,0.0,197.64691,-:64.00,0.0,197.64691,-:64.00,98.823456,64.00,11.59,1,"BGALBSAFUSION|BGALecoliBSAbovineFUSION_01",""
"DPHAC(+57.02)YSTVFDKLK",0.00,26.70,0.0,0.8280066-0.854016,240.09747,0.0,1.00:0.00,240.09747,0.0,1.00:0.00,120.04874,64.00,26.60,1,"BGALBSAFUSION|BGALecoliBSAbovineFUSION_01","Carbamidomethylation"
"DPNAWVER",0.00,30.54,0.0,0.77989614-0.80496347,0.0,168.27844,-:64.00,0.0,168.27844,-:64.00,84.13922,64.00,17.16,1,"BGALBSAFUSION|BGALecoliBSAbovineFUSION_01",""
"DVSLLHKPT",0.00,24.58,0.0,0.81975895-0.84817624,0.0,409.07892,-:64.00,0.0,409.07892,-:64.00,204.53946,64.00,17.27,1,"BGALBSAFUSION|BGALecoliBSAbovineFUSION_01",""
"DVSLLHKPTT",0.00,30.53,0.0,0.85953015-0.876547,0.0,167.71465,-:64.00,0.0,167.71465,-:64.00,83.85732,64.00,17.96,1,"BGALBSAFUSION|BGALecoliBSAbovineFUSION_01",""
"DVSLLHKPTTQ",0.00,35.47,0.0,0.89128137-0.9354092,0.0,16826.873,-:64.00,0.0,16826.873,-:64.00,8413.437,64.00,17.44,2,"BGALBSAFUSION|BGALecoliBSAbovineFUSION_01",""
"DVSLLHKPTTQIS",0.00,41.24,0.0,0.9704048-1.0053295,0.0,1105.2019,-:64.00,0.0,1105.2019,-:64.00,552.60095,64.00,22.77,1,"BGALBSAFUSION|BGALecoliBSAbovineFUSION_01",""
"DVSLLHKPTTQISD",0.00,34.10,0.0,1.0491666-1.0816911,0.0,128.39104,-:64.00,0.0,128.39104,-:64.00,64.19552,64.00,22.67,1,"BGALBSAFUSION|BGALecoliBSAbovineFUSION_01",""
"DVSLLHKPTTQISDFHVATR",0.00,57.51,0.0,0.81748354-0.8402241,0.0,249.87985,-:64.00,0.0,249.87985,-:64.00,124.939926,64.00,57.05,1,"BGALBSAFUSION|BGALecoliBSAbovineFUSION_01",""
"DWENPGVTQL",0.00,32.73,0.0,0.8515832-0.883349,0.0,12373.695,-:64.00,0.0,12373.695,-:64.00,6186.8477,64.00,28.68,1,"BGALBSAFUSION|BGALecoliBSAbovineFUSION_01",""
"DWENPGVTQLNR",0.00,48.32,4.8,0.9342791-0.98055154,191.6199,58298.504,1.00:64.00,191.6199,58298.504,1.00:64.00,29245.062,64.00,22.17,1,"BGALBSAFUSION|BGALecoliBSAbovineFUSION_01",""
"DWVDQSLIK",0.00,33.67,0.0,0.84363264-0.8788146,153.72914,34089.668,1.00:64.00,153.72914,34089.668,1.00:64.00,17121.7,64.00,27.64,1,"BGALBSAFUSION|BGALecoliBSAbovineFUSION_01",""
"E(-18.01)C(+57.02)C(+57.02)DKPLLEK",0.00,34.36,0.0,0.9025722-0.93977445,1535.4774,0.0,1.00:0.00,1535.4774,0.0,1.00:0.00,767.7387,64.00,13.89,1,"BGALBSAFUSION|BGALecoliBSAbovineFUSION_01","Pyro-glu from E; Carbamidomethylation; Carbamidomethylation"
"E(-18.01)C(+57.02)C(+57.02)HGDLLEC(+57.02)ADDRADLAK",0.00,56.98,0.0,0.94991124-0.98142236,1039.4006,0.0,1.00:0.00,1039.4006,0.0,1.00:0.00,519.7003,64.00,22.76,1,"B7WNR0|B7WNR0_HUMAN:A0A0C4DGB6|A0A0C4DGB6_HUMAN:BGALBSAFUSION|BGALecoliBSAbovineFUSION_01:P02768|ALBU_HUMAN:C9JKR2|C9JKR2_HUMAN:D6RHD5|D6RHD5_HUMAN:H0YA55|H0YA55_HUMAN","Pyro-glu from E; Carbamidomethylation; Carbamidomethylation; Carbamidomethylation"
"E(-18.01)LNYGPHQ",0.00,20.47,0.0,0.76963085-0.80496347,0.0,680.6224,-:64.00,0.0,680.6224,-:64.00,340.3112,64.00,16.58,1,"BGALBSAFUSION|BGALecoliBSAbovineFUSION_01","Pyro-glu from E"
"E(-18.01)SLAHALVEIIK",0.00,27.28,0.0,0.7248426-0.7861104,24477.111,0.0,1.00:0.00,24477.111,0.0,1.00:0.00,12238.556,64.00,25.00,1,"Q92878|RAD50_HUMAN:A0A494BZX8|A0A494BZX8_HUMAN:A0A1W2PQ90|A0A1W2PQ90_HUMAN","Pyro-glu from E"
"E(-18.01)YEATLEEC(+57.02)C(+57.02)AK",0.00,48.62,0.0,1.012895-1.0476949,399.38538,0.0,1.00:0.00,399.38538,0.0,1.00:0.00,199.69269,64.00,20.34,1,"BGALBSAFUSION|BGALecoliBSAbovineFUSION_01","Pyro-glu from E; Carbamidomethylation; Carbamidomethylation"
"E(-18.01)YEATLEEC(+57.02)C(+57.02)AKDD",0.00,42.64,0.0,1.0622746-1.1059637,224.47687,0.0,1.00:0.00,224.47687,0.0,1.00:0.00,112.238434,64.00,20.97,1,"BGALBSAFUSION|BGALecoliBSAbovineFUSION_01","Pyro-glu from E; Carbamidomethylation; Carbamidomethylation"
"EAC(+57.02)FAVEGPK",0.00,38.57,0.0,0.8607968-0.89015955,1362.2502,0.0,1.00:0.00,1362.2502,0.0,1.00:0.00,681.1251,64.00,15.63,1,"BGALBSAFUSION|BGALecoliBSAbovineFUSION_01","Carbamidomethylation"
"EC(+57.02)C(+57.02)DKPLLEK",0.00,51.29,0.0,0.75549465-0.78157705,27516.227,48.912453,1.00:0.02,27516.227,48.912453,1.00:0.02,13782.569,64.00,10.05,2,"BGALBSAFUSION|BGALecoliBSAbovineFUSION_01","Carbamidomethylation; Carbamidomethylation"
"EC(+57.02)C(+57.02)HGDLLEC(+57.02)AD",0.00,21.84,0.0,0.94428015-0.978048,279.01196,0.0,1.00:0.00,279.01196,0.0,1.00:0.00,139.50598,64.00,15.75,1,"BGALBSAFUSION|BGALecoliBSAbovineFUSION_01","Carbamidomethylation; Carbamidomethylation; Carbamidomethylation"
"EC(+57.02)C(+57.02)HGDLLEC(+57.02)ADD",0.00,31.87,0.0,0.9487851-0.99491537,79.84058,0.0,1.00:0.00,79.84058,0.0,1.00:0.00,39.92029,64.00,16.17,1,"BGALBSAFUSION|BGALecoliBSAbovineFUSION_01","Carbamidomethylation; Carbamidomethylation; Carbamidomethylation"
"EC(+57.02)C(+57.02)HGDLLEC(+57.02)ADDR",0.00,46.68,0.0,0.7600326-0.81895375,2528.5693,0.0,1.00:0.00,2528.5693,0.0,1.00:0.00,1264.2847,64.00,15.30,1,"B7WNR0|B7WNR0_HUMAN:A0A0C4DGB6|A0A0C4DGB6_HUMAN:BGALBSAFUSION|BGALecoliBSAbovineFUSION_01:P02768|ALBU_HUMAN:C9JKR2|C9JKR2_HUMAN:D6RHD5|D6RHD5_HUMAN:H0YA55|H0YA55_HUMAN","Carbamidomethylation; Carbamidomethylation; Carbamidomethylation"
"EC(+57.02)C(+57.02)HGDLLEC(+57.02)ADDRADLAK",0.00,31.90,0.0,0.8359253-0.8664461,46579.85,48.31488,1.00:0.02,46579.85,48.31488,1.00:0.02,23314.084,64.00,21.13,2,"B7WNR0|B7WNR0_HUMAN:A0A0C4DGB6|A0A0C4DGB6_HUMAN:BGALBSAFUSION|BGALecoliBSAbovineFUSION_01:P02768|ALBU_HUMAN:C9JKR2|C9JKR2_HUMAN:D6RHD5|D6RHD5_HUMAN:H0YA55|H0YA55_HUMAN","Carbamidomethylation; Carbamidomethylation; Carbamidomethylation"
"EDQPFPAVPK",0.00,30.15,0.0,0.8379514-0.9026069,0.0,1511.6074,-:64.00,0.0,1511.6074,-:64.00,755.8037,64.00,20.52,1,"BGALBSAFUSION|BGALecoliBSAbovineFUSION_01",""
"ELNYGPHQ",0.00,29.16,0.0,0.76963085-0.8265833,0.0,22873.383,-:64.00,0.0,22873.383,-:64.00,11436.691,64.00,10.23,1,"BGALBSAFUSION|BGALecoliBSAbovineFUSION_01",""
"ELNYGPHQWR",0.00,36.81,0.0,0.73422605-0.7776155,0.0,2937.067,-:64.00,0.0,2937.067,-:64.00,1468.5334,64.00,27.02,2,"BGALBSAFUSION|BGALecoliBSAbovineFUSION_01",""
"ETYGDM(+15.99)ADC(+57.02)C(+57.02)EK",0.00,56.04,0.0,0.9465327-0.9971635,16841.438,0.0,1.00:0.00,16841.438,0.0,1.00:0.00,8420.719,64.00,6.82,1,"BGALBSAFUSION|BGALecoliBSAbovineFUSION_01","Oxidation (M); Carbamidomethylation; Carbamidomethylation"
"ETYGDM(+15.99)ADC(+57.02)C(+57.02)EKQ(+0.98)EPERNEC(+57.02)FLSHKDDSPDLPK",0.00,20.67,0.0,0.9115959-0.95441514,1053.1411,0.0,1.00:0.00,1053.1411,0.0,1.00:0.00,526.57056,64.00,33.40,1,"BGALBSAFUSION|BGALecoliBSAbovineFUSION_01","Oxidation (M); Carbamidomethylation; Carbamidomethylation; Deamidation (NQ); Carbamidomethylation"
"ETYGDM(+15.99)ADC(+57.02)C(+57.02)EKQEPER",0.00,41.39,0.0,0.81669-0.8664461,595.90594,0.0,1.00:0.00,595.90594,0.0,1.00:0.00,297.95297,64.00,8.89,1,"BGALBSAFUSION|BGALecoliBSAbovineFUSION_01","Oxidation (M); Carbamidomethylation; Carbamidomethylation"
"ETYGDM(+15.99)ADC(+57.02)C(+57.02)EKQEPERNEC(+57.02)FLSHKDDSPDLPK",0.00,44.39,0.0,0.9115959-0.9431538,196.37544,0.0,1.00:0.00,196.37544,0.0,1.00:0.00,98.18772,64.00,32.64,1,"BGALBSAFUSION|BGALecoliBSAbovineFUSION_01","Oxidation (M); Carbamidomethylation; Carbamidomethylation; Carbamidomethylation"
"ETYGDMADC(+57.02)C(+57.02)EK",0.00,52.40,0.0,0.9431538-0.9870453,11400.385,0.0,1.00:0.00,11400.385,0.0,1.00:0.00,5700.1924,64.00,11.30,1,"BGALBSAFUSION|BGALecoliBSAbovineFUSION_01","Carbamidomethylation; Carbamidomethylation"
"ETYGDMADC(+57.02)C(+57.02)EKQEPER",0.00,44.34,0.0,0.8280066-0.8833865,457.59387,0.0,1.00:0.00,457.59387,0.0,1.00:0.00,228.79694,64.00,12.79,1,"BGALBSAFUSION|BGALecoliBSAbovineFUSION_01","Carbamidomethylation; Carbamidomethylation"
"EVTSEYLFR",0.00,24.78,0.0,0.8470405-0.9014747,227.74965,5138.123,1.00:22.56,227.74965,5138.123,1.00:22.56,2682.9363,22.56,23.59,1,"BGALBSAFUSION|BGALecoliBSAbovineFUSION_01",""
"EYEATLEEC(+57.02)C(+57.02)AK",0.00,58.14,0.0,0.94991124-1.0263716,22049.209,0.0,1.00:0.00,22049.209,0.0,1.00:0.00,11024.6045,64.00,14.26,1,"BGALBSAFUSION|BGALecoliBSAbovineFUSION_01","Carbamidomethylation; Carbamidomethylation"
"EYEATLEEC(+57.02)C(+57.02)AKD",0.00,43.05,0.0,0.9746732-1.0611533,2426.0093,0.0,1.00:0.00,2426.0093,0.0,1.00:0.00,1213.0046,64.00,14.75,1,"BGALBSAFUSION|BGALecoliBSAbovineFUSION_01","Carbamidomethylation; Carbamidomethylation"
"EYEATLEEC(+57.02)C(+57.02)AKDD",0.00,50.97,0.0,1.0196341-1.0723633,29059.074,0.0,1.00:0.00,29059.074,0.0,1.00:0.00,14529.537,64.00,15.03,2,"BGALBSAFUSION|BGALecoliBSAbovineFUSION_01","Carbamidomethylation; Carbamidomethylation"
"EYEATLEEC(+57.02)C(+57.02)AKDDPHAC(+57.02)YSTVFDK",0.00,40.12,0.0,0.9307607-0.97017276,1448.0546,0.0,1.00:0.00,1448.0546,0.0,1.00:0.00,724.0273,64.00,25.15,1,"BGALBSAFUSION|BGALecoliBSAbovineFUSION_01","Carbamidomethylation; Carbamidomethylation; Carbamidomethylation"
"FEVEVTK",0.00,22.85,0.0,0.8155581-0.829138,1860.1487,0.0,1.00:0.00,1860.1487,0.0,1.00:0.00,930.07434,64.00,14.29,1,"A0A075B6F3|A0A075B6F3_HUMAN:H0Y7V4|H0Y7V4_HUMAN:Q96JB1|DYH8_HUMAN",""
"FKDLGEEHFK",0.00,47.66,0.0,0.8867732-0.95441514,26590.613,419.73346,1.00:0.02,26590.613,419.73346,1.00:0.02,13505.174,63.35,24.51,2,"BGALBSAFUSION|BGALecoliBSAbovineFUSION_01",""
"FLEQQNQVLQTK",0.00,59.81,0.0,1.0151416-1.0432073,218.581,0.0,1.00:0.00,218.581,0.0,1.00:0.00,109.2905,64.00,19.02,1,"P35908|K22E_HUMAN:Q7Z794|K2C1B_HUMAN:P04264|K2C1_HUMAN",""
"FN(+0.98)DDFSR",0.00,23.05,0.0,0.7673489-0.79357374,0.0,960.27057,-:64.00,0.0,960.27057,-:64.00,480.13528,64.00,12.48,1,"BGALBSAFUSION|BGALecoliBSAbovineFUSION_01","Deamidation (NQ)"
"FNDDFSR",0.00,23.72,0.0,0.7616425-0.7981305,0.0,6753.8223,-:64.00,0.0,6753.8223,-:64.00,3376.9111,64.00,12.73,1,"BGALBSAFUSION|BGALecoliBSAbovineFUSION_01",""
"FPKAEFVEVTK",0.00,50.05,0.0,0.7861104-0.81669,1249.3435,0.0,1.00:0.00,1249.3435,0.0,1.00:0.00,624.67175,64.00,22.75,2,"BGALBSAFUSION|BGALecoliBSAbovineFUSION_01",""
"FQNALIVR",0.00,20.01,0.0,0.801971-0.83253187,258.87946,0.0,1.00:0.00,258.87946,0.0,1.00:0.00,129.43973,64.00,20.09,1,"BGALBSAFUSION|BGALecoliBSAbovineFUSION_01",""
"FSALTPDETYVPK",0.00,35.10,0.0,0.9611696-1.0375966,9556.207,0.0,1.00:0.00,9556.207,0.0,1.00:0.00,4778.1035,64.00,25.84,1,"BGALBSAFUSION|BGALecoliBSAbovineFUSION_01",""
"FYAPELLYYANK",0.00,44.43,0.0,0.96004397-1.0050304,691.65314,0.0,1.00:0.00,691.65314,0.0,1.00:0.00,345.82657,64.00,35.62,1,"BGALBSAFUSION|BGALecoliBSAbovineFUSION_01",""
"GAC(+57.02)LLPK",0.00,19.29,0.0,0.71916234-0.76116693,40221.3,0.0,1.00:0.00,40221.3,0.0,1.00:0.00,20110.65,64.00,13.29,1,"BGALBSAFUSION|BGALecoliBSAbovineFUSION_01","Carbamidomethylation"
"GDFQFN(+0.98)ISR",0.00,36.14,0.0,0.8208965-0.8583951,0.0,248.8641,-:64.00,0.0,248.8641,-:64.00,124.43205,64.00,23.58,1,"BGALBSAFUSION|BGALecoliBSAbovineFUSION_01","Deamidation (NQ)"
"GDFQFNISR",0.00,28.04,2.4,0.81520784-0.8674734,101.76746,106042.48,1.00:64.00,101.76746,106042.48,1.00:64.00,53072.12,64.00,23.83,1,"BGALBSAFUSION|BGALecoliBSAbovineFUSION_01",""
"GGDFGDTPN(+0.98)DR",0.00,30.48,0.0,0.82772046-0.8822155,0.0,360.61603,-:64.00,0.0,360.61603,-:64.00,180.30801,64.00,9.04,1,"BGALBSAFUSION|BGALecoliBSAbovineFUSION_01","Deamidation (NQ)"
"GGDFGDTPNDR",0.00,23.91,0.0,0.8072405-0.87768084,69.00185,3070.553,1.00:44.50,69.00185,3070.553,1.00:44.50,1569.7775,44.50,8.46,1,"BGALBSAFUSION|BGALecoliBSAbovineFUSION_01",""
"GKPLASGEVPLDVAPQGK",0.00,33.84,0.0,0.7719126-0.80496347,0.0,410.47012,-:64.00,0.0,410.47012,-:64.00,205.23506,64.00,25.12,1,"BGALBSAFUSION|BGALecoliBSAbovineFUSION_01",""
"GLGPQENYPDR",0.00,38.64,0.0,0.8356784-0.9003424,0.0,4042.3806,-:64.00,0.0,4042.3806,-:64.00,2021.1903,64.00,13.33,1,"BGALBSAFUSION|BGALecoliBSAbovineFUSION_01",""
"GLVLIAFSQ(+0.98)YLQQC(+57.02)PFDEHVK",0.00,29.19,0.0,0.966797-1.0319847,45.360146,0.0,1.00:0.00,45.360146,0.0,1.00:0.00,22.680073,64.00,46.81,1,"BGALBSAFUSION|BGALecoliBSAbovineFUSION_01","Deamidation (NQ); Carbamidomethylation"
"GLVLIAFSQYLQ(+0.98)QC(+57.02)PFDEHVK",0.00,24.06,0.0,1.0151416-1.0375966,40.169266,0.0,1.00:0.00,40.169266,0.0,1.00:0.00,20.084633,64.00,46.34,1,"BGALBSAFUSION|BGALecoliBSAbovineFUSION_01","Deamidation (NQ); Carbamidomethylation"
"GLVLIAFSQYLQQC(+57.02)PFDEHVK",0.00,47.13,0.0,0.95441514-1.0432073,4101.442,0.0,1.00:0.00,4101.442,0.0,1.00:0.00,2050.721,64.00,46.52,1,"BGALBSAFUSION|BGALecoliBSAbovineFUSION_01","Carbamidomethylation"
"GPQENYPDR",0.00,36.93,0.0,0.79243433-0.8345418,0.0,3081.2344,-:64.00,0.0,3081.2344,-:64.00,1540.6172,64.00,6.66,1,"BGALBSAFUSION|BGALecoliBSAbovineFUSION_01",""
"GQTIEVTSEYLFR",0.00,50.43,0.0,0.98393244-1.0311956,0.0,2194.038,-:64.00,0.0,2194.038,-:64.00,1097.019,64.00,31.69,1,"BGALBSAFUSION|BGALecoliBSAbovineFUSION_01",""
"GSYLEDQDMWR",0.00,25.59,0.0,0.9354092-0.9568665,0.0,70.92413,-:64.00,0.0,70.92413,-:64.00,35.462067,64.00,25.40,1,"BGALBSAFUSION|BGALecoliBSAbovineFUSION_01",""
"HADIC(+57.02)TLPDTEK",0.00,46.90,0.0,0.92625254-0.966797,617.21985,0.0,1.00:0.00,617.21985,0.0,1.00:0.00,308.60992,64.00,14.33,1,"BGALBSAFUSION|BGALecoliBSAbovineFUSION_01","Carbamidomethylation"
"HLVDE(+21.98)PQNLIK",0.00,23.32,0.0,0.729386-0.771374,1341.3214,0.0,1.00:0.00,1341.3214,0.0,1.00:0.00,670.6607,64.00,20.87,1,"BGALBSAFUSION|BGALecoliBSAbovineFUSION_01","Sodium adduct"
"HLVDEPQN(+0.98)LIK",0.00,52.87,0.0,0.9622952-0.992667,1432.1442,0.0,1.00:0.00,1432.1442,0.0,1.00:0.00,716.0721,64.00,22.54,1,"BGALBSAFUSION|BGALecoliBSAbovineFUSION_01","Deamidation (NQ)"
"HLVDEPQNLIK",0.00,48.13,0.0,0.922871-0.992667,635444.2,61.606125,1.00:0.02,635444.2,61.606125,1.00:0.02,317752.9,64.00,21.05,2,"BGALBSAFUSION|BGALecoliBSAbovineFUSION_01",""
"HLVDEPQNLIKQNC(+57.02)DQFEK",0.00,46.58,0.0,0.8867732-0.9566668,4716.882,102.50873,1.00:0.02,4716.882,102.50873,1.00:0.02,2409.6953,46.01,27.35,1,"BGALBSAFUSION|BGALecoliBSAbovineFUSION_01","Carbamidomethylation"
"HPALTEAK",0.00,30.99,0.0,0.75365055-0.79585224,0.0,3333.647,-:64.00,0.0,3333.647,-:64.00,1666.8235,64.00,12.75,1,"BGALBSAFUSION|BGALecoliBSAbovineFUSION_01",""
"HPEYAVSVLLR",0.00,49.76,0.0,0.92850673-0.96904755,3560.2122,68.44253,1.00:0.02,3560.2122,68.44253,1.00:0.02,1814.3274,52.02,28.94,1,"BGALBSAFUSION|BGALecoliBSAbovineFUSION_01",""
"HPYFYAPELLYYANK",0.00,48.06,0.0,0.88112843-0.92399824,2375.1143,0.0,1.00:0.00,2375.1143,0.0,1.00:0.00,1187.5571,64.00,37.74,1,"BGALBSAFUSION|BGALecoliBSAbovineFUSION_01",""
"HSDNELLH",0.00,27.05,0.0,0.787876-0.8390878,0.0,2757.0903,-:64.00,0.0,2757.0903,-:64.00,1378.5452,64.00,14.83,1,"BGALBSAFUSION|BGALecoliBSAbovineFUSION_01",""
"IC(+57.02)DNQDTISSK",0.00,42.96,0.0,0.89580244-0.92399824,4532.1143,0.0,1.00:0.00,4532.1143,0.0,1.00:0.00,2266.0571,64.00,11.12,1,"BGALBSAFUSION|BGALecoliBSAbovineFUSION_01","Carbamidomethylation"
"IC(+57.02)TLPDTEK",0.00,22.06,0.0,0.8200855-0.86305666,7275.5225,0.0,1.00:0.00,7275.5225,0.0,1.00:0.00,3637.7612,64.00,12.52,1,"BGALBSAFUSION|BGALecoliBSAbovineFUSION_01","Carbamidomethylation"
"IDGSGQ(+0.98)M(+15.99)AITVDVEVASDTPHPAR",0.00,25.40,0.0,1.0008271-1.0345666,0.0,649.4174,-:64.00,0.0,649.4174,-:64.00,324.7087,64.00,28.89,1,"BGALBSAFUSION|BGALecoliBSAbovineFUSION_01","Deamidation (NQ); Oxidation (M)"
"IDGSGQ(+0.98)MAITVDVEVASDTPHPAR",0.00,39.66,0.0,1.0030785-1.0188297,0.0,85.88214,-:64.00,0.0,85.88214,-:64.00,42.94107,64.00,38.43,1,"BGALBSAFUSION|BGALecoliBSAbovineFUSION_01","Deamidation (NQ)"
"IDGSGQM(+15.99)AITVDVEVASDTPHPAR",0.00,47.95,0.0,0.99744946-1.0345666,0.0,967.4909,-:64.00,0.0,967.4909,-:64.00,483.74545,64.00,29.43,1,"BGALBSAFUSION|BGALecoliBSAbovineFUSION_01","Oxidation (M)"
"IDPN(+0.98)AWVER",0.00,34.99,0.0,0.8334051-0.8686079,51.438168,5726.662,1.00:64.00,51.438168,5726.662,1.00:64.00,2889.05,64.00,18.52,1,"BGALBSAFUSION|BGALecoliBSAbovineFUSION_01","Deamidation (NQ)"
"IDPNAWVER",0.00,43.11,0.0,0.8254461-0.8788146,1027.8013,115154.305,1.00:64.00,1027.8013,115154.305,1.00:64.00,58091.055,64.00,21.95,1,"BGALBSAFUSION|BGALecoliBSAbovineFUSION_01",""
"IEN(+0.98)GLLLLN(+0.98)GK",0.00,25.26,0.0,0.8470405-0.9320187,177.78336,48323.93,1.00:64.00,177.78336,48323.93,1.00:64.00,24250.857,64.00,30.37,1,"BGALBSAFUSION|BGALecoliBSAbovineFUSION_01","Deamidation (NQ); Deamidation (NQ)"
"IEN(+0.98)GLLLLN(+0.98)GKPL",0.00,41.28,0.0,0.9421881-1.0233275,52.149803,8185.233,1.00:64.00,52.149803,8185.233,1.00:64.00,4118.6914,64.00,37.77,1,"BGALBSAFUSION|BGALecoliBSAbovineFUSION_01","Deamidation (NQ); Deamidation (NQ)"
"IEN(+0.98)GLLLLN(+0.98)GKPLL",0.00,37.92,0.0,0.99181867-1.0682402,0.0,6734.9194,-:64.00,0.0,6734.9194,-:64.00,3367.4597,64.00,43.24,1,"BGALBSAFUSION|BGALecoliBSAbovineFUSION_01","Deamidation (NQ); Deamidation (NQ)"
"IEN(+0.98)GLLLLN(+0.98)GKPLLIR",0.00,68.68,0.0,1.1029669-1.1833525,127.162445,9364.215,1.00:64.00,127.162445,9364.215,1.00:64.00,4745.6885,64.00,42.94,2,"BGALBSAFUSION|BGALecoliBSAbovineFUSION_01","Deamidation (NQ); Deamidation (NQ)"
"IEN(+0.98)GLLLLNGKPLLIR",0.00,41.35,0.0,0.84476864-0.9263665,0.0,2352.1504,-:64.00,0.0,2352.1504,-:64.00,1176.0752,64.00,43.41,1,"BGALBSAFUSION|BGALecoliBSAbovineFUSION_01","Deamidation (NQ)"
"IENGLLLLN(+0.98)GK",0.00,19.67,0.0,0.85498947-0.9342791,78.81624,10938.861,1.00:64.00,78.81624,10938.861,1.00:64.00,5508.839,64.00,30.72,1,"BGALBSAFUSION|BGALecoliBSAbovineFUSION_01","Deamidation (NQ)"
"IENGLLLLN(+0.98)GKPL",0.00,32.91,0.0,0.9546091-1.0098307,0.0,2019.3856,-:64.00,0.0,2019.3856,-:64.00,1009.6928,64.00,38.32,1,"BGALBSAFUSION|BGALecoliBSAbovineFUSION_01","Deamidation (NQ)"
"IENGLLLLN(+0.98)GKPLL",0.00,26.17,0.0,1.0019528-1.073846,0.0,2249.9114,-:64.00,0.0,2249.9114,-:64.00,1124.9557,64.00,43.69,1,"BGALBSAFUSION|BGALecoliBSAbovineFUSION_01","Deamidation (NQ)"
"IENGLLLLN(+0.98)GKPLLIR",0.00,60.14,0.0,0.81406987-0.91166204,0.0,5833.4814,-:64.00,0.0,5833.4814,-:64.00,2916.7407,64.00,41.82,2,"BGALBSAFUSION|BGALecoliBSAbovineFUSION_01","Deamidation (NQ)"
"IENGLLLLNGK",0.00,28.80,0.0,0.9026069-0.9399287,0.0,868.64355,-:64.00,0.0,868.64355,-:64.00,434.32178,64.00,29.22,1,"BGALBSAFUSION|BGALecoliBSAbovineFUSION_01",""
"IETMREK",0.00,20.45,0.0,0.7781765-0.83026934,31644.385,0.0,1.00:0.00,31644.385,0.0,1.00:0.00,15822.192,64.00,5.95,1,"BGALBSAFUSION|BGALecoliBSAbovineFUSION_01",""
"IEVTSEYLFR",0.00,40.42,0.0,0.9026069-0.9546091,131.84941,21755.508,1.00:64.00,131.84941,21755.508,1.00:64.00,10943.679,64.00,29.48,1,"BGALBSAFUSION|BGALecoliBSAbovineFUSION_01",""
"IIFDGVN(+0.98)SAFH",0.00,25.16,0.0,0.8731449-0.91166204,0.0,329.46927,-:64.00,0.0,329.46927,-:64.00,164.73463,64.00,29.75,1,"BGALBSAFUSION|BGALecoliBSAbovineFUSION_01","Deamidation (NQ)"
"IIFDGVNSAFH",0.00,21.87,0.0,0.87087655-0.91053045,0.0,3026.8928,-:64.00,0.0,3026.8928,-:64.00,1513.4464,64.00,30.02,1,"BGALBSAFUSION|BGALecoliBSAbovineFUSION_01",""
"IINEPTAAAIAYGLDK",0.00,69.92,0.0,1.0210787-1.0783293,0.0,942.44385,-:64.00,0.0,942.44385,-:64.00,471.22192,64.00,32.19,1,"A0A7P0TAI0|A0A7P0TAI0_HUMAN:P11142|HSP7C_HUMAN:E9PLF4|E9PLF4_HUMAN:A0A7P0TB36|A0A7P0TB36_HUMAN:P34931|HS71L_HUMAN:P11021|BIP_HUMAN:Q53FA3|Q53FA3_HUMAN:P54652|HSP72_HUMAN:E9PKE3|E9PKE3_HUMAN:E9PN89|E9PN89_HUMAN:E9PI65|E9PI65_HUMAN",""
"ISDFHVATR",0.00,38.44,0.0,0.7216457-0.75136644,176.85818,8132.466,1.00:45.98,176.85818,8132.466,1.00:45.98,4154.662,45.98,18.59,2,"BGALBSAFUSION|BGALecoliBSAbovineFUSION_01",""
"KEAC(+57.02)FAVEGPK",0.00,36.57,0.0,0.71007127-0.7736417,1038.305,0.0,1.00:0.00,1038.305,0.0,1.00:0.00,519.1525,64.00,13.79,2,"BGALBSAFUSION|BGALecoliBSAbovineFUSION_01","Carbamidomethylation"
"KQTALVELLK",0.00,52.41,0.0,0.869835-0.955541,225588.61,0.0,1.00:0.00,225588.61,0.0,1.00:0.00,112794.305,64.00,25.79,2,"BGALBSAFUSION|BGALecoliBSAbovineFUSION_01",""
"KVPQVSTPTLVEVSR",0.00,51.92,0.0,0.7441463-0.8393183,723617.75,1064.4377,1.00:0.02,723617.75,1064.4377,1.00:0.02,362341.1,64.00,24.23,2,"B7WNR0|B7WNR0_HUMAN:A0A0C4DGB6|A0A0C4DGB6_HUMAN:BGALBSAFUSION|BGALecoliBSAbovineFUSION_01:P02768|ALBU_HUMAN:C9JKR2|C9JKR2_HUMAN:D6RHD5|D6RHD5_HUMAN:H0YA55|H0YA55_HUMAN",""
"LAENLSVTLPAAS",0.00,20.27,0.0,0.883349-0.9489643,0.0,1319.9952,-:64.00,0.0,1319.9952,-:64.00,659.9976,64.00,30.63,1,"BGALBSAFUSION|BGALecoliBSAbovineFUSION_01",""
"LAENLSVTLPAASH",0.00,39.20,0.0,0.9433176-0.98505926,98.52296,9934.493,1.00:64.00,98.52296,9934.493,1.00:64.00,5016.5083,64.00,27.26,1,"BGALBSAFUSION|BGALecoliBSAbovineFUSION_01",""
"LAKEYEATLEEC(+57.02)C(+57.02)AK",0.00,46.80,0.0,0.7781765-0.82348055,48810.875,165.37408,1.00:0.02,48810.875,165.37408,1.00:0.02,24488.125,64.00,17.75,2,"BGALBSAFUSION|BGALecoliBSAbovineFUSION_01","Carbamidomethylation; Carbamidomethylation"
"LAKEYEATLEEC(+57.02)C(+57.02)AKDD",0.00,33.52,0.0,0.8031035-0.869835,41896.633,294.7095,1.00:0.02,41896.633,294.7095,1.00:0.02,21095.672,64.00,18.45,2,"BGALBSAFUSION|BGALecoliBSAbovineFUSION_01","Carbamidomethylation; Carbamidomethylation"
"LAKEYEATLEEC(+57.02)C(+57.02)AKDDPHAC(+57.02)YSTVFDKLK",0.00,22.56,0.0,0.93188757-0.9724231,2542.5579,0.0,1.00:0.00,2542.5579,0.0,1.00:0.00,1271.2789,64.00,40.17,1,"BGALBSAFUSION|BGALecoliBSAbovineFUSION_01","Carbamidomethylation; Carbamidomethylation; Carbamidomethylation"
"LC(+57.02)VLHEK",0.00,30.58,0.0,0.78044355-0.81782186,259947.83,715.2356,1.00:0.02,259947.83,715.2356,1.00:0.02,130331.53,64.00,10.91,2,"B7WNR0|B7WNR0_HUMAN:A0A0C4DGB6|A0A0C4DGB6_HUMAN:BGALBSAFUSION|BGALecoliBSAbovineFUSION_01:P02768|ALBU_HUMAN:C9JKR2|C9JKR2_HUMAN:D6RHD5|D6RHD5_HUMAN:H0YA55|H0YA55_HUMAN","Carbamidomethylation"
"LC(+57.02)VLHEKTPVSEK",0.00,56.45,0.0,0.77931005-0.82687515,67435.734,65.97808,1.00:0.02,67435.734,65.97808,1.00:0.02,33750.855,64.00,19.86,3,"BGALBSAFUSION|BGALecoliBSAbovineFUSION_01","Carbamidomethylation"
"LC(+57.02)VLHEKTPVSEKVTK",0.00,40.96,0.0,0.7838438-0.80763316,594.249,0.0,1.00:0.00,594.249,0.0,1.00:0.00,297.1245,64.00,31.58,1,"BGALBSAFUSION|BGALecoliBSAbovineFUSION_01","Carbamidomethylation"
"LDNDIGVSEATR",0.00,36.96,0.0,0.88561577-0.9297581,0.0,1870.723,-:64.00,0.0,1870.723,-:64.00,935.3615,64.00,15.31,1,"BGALBSAFUSION|BGALecoliBSAbovineFUSION_01",""
"LEDQDMWR",0.00,21.78,0.0,0.82885754-0.85044765,0.0,429.4651,-:64.00,0.0,429.4651,-:64.00,214.73254,64.00,17.60,1,"BGALBSAFUSION|BGALecoliBSAbovineFUSION_01",""
"LFTFHADIC(+57.02)TLPD",0.00,20.21,0.0,0.97017276-1.0286169,324.4874,0.0,1.00:0.00,324.4874,0.0,1.00:0.00,162.2437,64.00,36.03,1,"BGALBSAFUSION|BGALecoliBSAbovineFUSION_01","Carbamidomethylation"
"LFTFHADIC(+57.02)TLPDTEK",0.00,37.69,0.0,0.80763316-0.901444,25670.828,0.0,1.00:0.00,25670.828,0.0,1.00:0.00,12835.414,64.00,32.53,2,"BGALBSAFUSION|BGALecoliBSAbovineFUSION_01","Carbamidomethylation"
"LGEYGFQN(+0.98)ALIVR",0.00,53.78,0.0,0.9746732-1.0432073,13823.808,0.0,1.00:0.00,13823.808,0.0,1.00:0.00,6911.904,64.00,31.93,1,"BGALBSAFUSION|BGALecoliBSAbovineFUSION_01","Deamidation (NQ)"
"LGEYGFQNALIVR",0.00,70.41,0.0,0.9847963-1.0308622,20025.459,0.0,1.00:0.00,20025.459,0.0,1.00:0.00,10012.7295,64.00,32.33,1,"BGALBSAFUSION|BGALecoliBSAbovineFUSION_01",""
"LGLGPQENYPDR",0.00,42.85,0.0,0.9139251-0.9681492,66.78257,4478.8843,1.00:64.00,66.78257,4478.8843,1.00:64.00,2272.8335,64.00,19.02,1,"BGALBSAFUSION|BGALecoliBSAbovineFUSION_01",""
"LGPQENYPDR",0.00,39.56,0.0,0.84363264-0.88108194,221.78699,8568.56,1.00:38.63,221.78699,8568.56,1.00:38.63,4395.1733,38.63,12.26,1,"BGALBSAFUSION|BGALecoliBSAbovineFUSION_01",""
"LKEC(+57.02)C(+57.02)DKPLLEK",0.00,31.81,0.0,0.804236-0.8641865,483092.34,410.5259,1.00:0.02,483092.34,410.5259,1.00:0.02,241751.44,64.00,17.82,3,"BGALBSAFUSION|BGALecoliBSAbovineFUSION_01","Carbamidomethylation; Carbamidomethylation"
"LKHLVDEPQNLIK",0.00,54.76,0.0,0.7974404-0.8528857,3509.0889,0.0,1.00:0.00,3509.0889,0.0,1.00:0.00,1754.5444,64.00,30.78,1,"BGALBSAFUSION|BGALecoliBSAbovineFUSION_01",""
"LKPDPN(+0.98)TLC(+57.02)DEFKADEK",0.00,40.10,0.0,0.76230127-0.8607968,1003.6578,0.0,1.00:0.00,1003.6578,0.0,1.00:0.00,501.8289,64.00,24.06,1,"BGALBSAFUSION|BGALecoliBSAbovineFUSION_01","Deamidation (NQ); Carbamidomethylation"
"LKPDPNTLC(+57.02)D",0.00,21.22,0.0,0.8528857-0.8879021,4893.5557,0.0,1.00:0.00,4893.5557,0.0,1.00:0.00,2446.7778,64.00,14.06,1,"BGALBSAFUSION|BGALecoliBSAbovineFUSION_01","Carbamidomethylation"
"LKPDPNTLC(+57.02)DEFK",0.00,48.28,0.0,0.73506397-0.7861104,29420.908,90.265366,1.00:0.02,29420.908,90.265366,1.00:0.02,14755.587,64.00,23.16,2,"BGALBSAFUSION|BGALecoliBSAbovineFUSION_01","Carbamidomethylation"
"LKPDPNTLC(+57.02)DEFKAD",0.00,41.92,0.0,0.78044355-0.83026934,2088.9502,60.474506,1.00:0.03,2088.9502,60.474506,1.00:0.03,1074.7124,34.54,24.18,1,"BGALBSAFUSION|BGALecoliBSAbovineFUSION_01","Carbamidomethylation"
"LKPDPNTLC(+57.02)DEFKADEK",0.00,40.97,0.0,0.766838-0.83026934,196923.06,371.35,1.00:0.02,196923.06,371.35,1.00:0.02,98647.2,64.00,24.15,2,"BGALBSAFUSION|BGALecoliBSAbovineFUSION_01","Carbamidomethylation"
"LKPDPNTLC(+57.02)DEFKADEKK",0.00,30.22,0.0,0.7759092-0.82234895,24008.797,64.15033,1.00:0.02,24008.797,64.15033,1.00:0.02,12036.474,64.00,29.42,1,"BGALBSAFUSION|BGALecoliBSAbovineFUSION_01","Carbamidomethylation"
"LLEC(+57.02)ADDRADLAK",0.00,51.84,0.0,0.77477545-0.83140063,9001.626,0.0,1.00:0.00,9001.626,0.0,1.00:0.00,4500.813,64.00,15.52,2,"B7WNR0|B7WNR0_HUMAN:A0A0C4DGB6|A0A0C4DGB6_HUMAN:BGALBSAFUSION|BGALecoliBSAbovineFUSION_01:P02768|ALBU_HUMAN:C9JKR2|C9JKR2_HUMAN:D6RHD5|D6RHD5_HUMAN:H0YA55|H0YA55_HUMAN","Carbamidomethylation"
"LLPLSSLPR",0.00,24.84,0.0,0.8393183-0.8720941,214.46509,0.0,1.00:0.00,214.46509,0.0,1.00:0.00,107.232544,64.00,31.99,1,"A0A6Q8PFP7|A0A6Q8PFP7_HUMAN",""
"LNVENPK",0.00,25.72,0.0,0.72278976-0.749082,0.0,1349.8429,-:64.00,0.0,1349.8429,-:64.00,674.92145,64.00,8.23,1,"BGALBSAFUSION|BGALecoliBSAbovineFUSION_01",""
"LPSEFDLSAFLR",0.00,39.30,0.0,0.93879896-0.98055154,0.0,6779.995,-:64.00,0.0,6779.995,-:64.00,3389.9976,64.00,43.77,1,"BGALBSAFUSION|BGALecoliBSAbovineFUSION_01",""
"LSGQTIEVTSE",0.00,30.40,0.0,0.8334051-0.8980776,0.0,3971.9795,-:64.00,0.0,3971.9795,-:64.00,1985.9897,64.00,17.79,1,"BGALBSAFUSION|BGALecoliBSAbovineFUSION_01",""
"LSQKFPK",0.00,32.32,0.0,0.75209063-0.7963076,135539.23,0.0,1.00:0.00,135539.23,0.0,1.00:0.00,67769.62,64.00,9.41,1,"P43652|AFAM_HUMAN:BGALBSAFUSION|BGALecoliBSAbovineFUSION_01",""
"LTQLE(+21.98)LINKQ(+0.98)YR(+21.98)",0.00,19.22,0.0,0.9859208-1.0286169,237.30304,0.0,1.00:0.00,237.30304,0.0,1.00:0.00,118.65152,64.00,18.12,1,"","Sodium adduct; Deamidation (NQ); Sodium adduct"
"LVDEPQNLIK",0.00,34.53,0.0,0.8867732-0.9206164,1050.1066,0.0,1.00:0.00,1050.1066,0.0,1.00:0.00,525.0533,64.00,21.75,1,"BGALBSAFUSION|BGALecoliBSAbovineFUSION_01",""
"LVN(+0.98)ELTEFAK",0.00,32.40,0.0,0.8732236-0.90821236,13604.296,0.0,1.00:0.00,13604.296,0.0,1.00:0.00,6802.148,64.00,24.96,1,"BGALBSAFUSION|BGALecoliBSAbovineFUSION_01","Deamidation (NQ)"
"LVNE(+21.98)LTEFAK",0.00,24.90,0.0,0.9149789-0.9521633,439.9301,0.0,1.00:0.00,439.9301,0.0,1.00:0.00,219.96506,64.00,26.10,1,"BGALBSAFUSION|BGALecoliBSAbovineFUSION_01","Sodium adduct"
"LVNELTEFAK",0.00,37.69,0.0,0.8641865-0.90821236,3309.7012,0.0,1.00:0.00,3309.7012,0.0,1.00:0.00,1654.8506,64.00,33.94,1,"BGALBSAFUSION|BGALecoliBSAbovineFUSION_01",""
"LVTDLTK",0.00,26.54,0.0,0.7214346-0.771374,16661.918,0.0,1.00:0.00,16661.918,0.0,1.00:0.00,8330.959,64.00,12.32,1,"B7WNR0|B7WNR0_HUMAN:A0A0C4DGB6|A0A0C4DGB6_HUMAN:BGALBSAFUSION|BGALecoliBSAbovineFUSION_01:P02768|ALBU_HUMAN:C9JKR2|C9JKR2_HUMAN:D6RHD5|D6RHD5_HUMAN:H0YA55|H0YA55_HUMAN",""
"LVVSTQTALA",0.00,27.44,3.2,0.801971-0.8585367,340038.62,239.70648,1.00:0.02,340038.62,239.70648,1.00:0.02,170139.17,64.00,23.50,1,"BGALBSAFUSION|BGALecoliBSAbovineFUSION_01",""
"M(+15.99)PC(+57.02)TEDYLSLILN(+0.98)R",0.00,29.05,0.0,1.0633956-1.0981275,67.978935,0.0,1.00:0.00,67.978935,0.0,1.00:0.00,33.989468,64.00,42.29,1,"BGALBSAFUSION|BGALecoliBSAbovineFUSION_01","Oxidation (M); Carbamidomethylation; Deamidation (NQ)"
"M(+15.99)PC(+57.02)TEDYLSLILNR",0.00,48.39,0.0,0.8053684-0.8494945,20413.531,50.290817,1.00:0.02,20413.531,50.290817,1.00:0.02,10231.911,64.00,41.09,2,"BGALBSAFUSION|BGALecoliBSAbovineFUSION_01","Oxidation (M); Carbamidomethylation"
"MGN(+0.98)SLGGFAK",0.00,21.78,0.0,0.79357374-0.8243089,0.0,1637.5215,-:64.00,0.0,1637.5215,-:64.00,818.76074,64.00,18.20,1,"BGALBSAFUSION|BGALecoliBSAbovineFUSION_01","Deamidation (NQ)"
"MGNSLGGFAK",0.00,36.68,0.0,0.78331655-0.82203406,86.27351,3159.9077,1.00:36.63,86.27351,3159.9077,1.00:36.63,1623.0906,36.63,16.64,1,"BGALBSAFUSION|BGALecoliBSAbovineFUSION_01",""
"MN(+0.98)GLVFADR",0.00,22.92,0.0,0.80951726-0.8470405,177.76057,6526.929,1.00:36.72,177.76057,6526.929,1.00:36.72,3352.345,36.72,23.10,1,"BGALBSAFUSION|BGALecoliBSAbovineFUSION_01","Deamidation (NQ)"
"MPC(+57.02)TE(+21.98)D(+21.98)YLSLILNR",0.00,24.43,0.0,1.1182728-1.1674507,495.41418,0.0,1.00:0.00,495.41418,0.0,1.00:0.00,247.70709,64.00,45.55,1,"BGALBSAFUSION|BGALecoliBSAbovineFUSION_01","Carbamidomethylation; Sodium adduct; Sodium adduct"
"MPC(+57.02)TEDYLSLILNR",0.00,57.03,0.0,1.0622746-1.1104404,41908.0,0.0,1.00:0.00,41908.0,0.0,1.00:0.00,20954.0,64.00,42.53,2,"BGALBSAFUSION|BGALecoliBSAbovineFUSION_01","Carbamidomethylation"
"MVALDGKPLASGEVPLDVAPQGK",0.00,57.84,0.0,0.8629348-0.93879896,0.0,812.68884,-:64.00,0.0,812.68884,-:64.00,406.34442,64.00,32.94,1,"BGALBSAFUSION|BGALecoliBSAbovineFUSION_01",""
"NDIGVSEATR",0.00,20.42,0.0,0.8265833-0.85953015,0.0,537.9596,-:64.00,0.0,537.9596,-:64.00,268.9798,64.00,10.20,1,"BGALBSAFUSION|BGALecoliBSAbovineFUSION_01",""
"NEC(+57.02)FLSHKDDSPDLPK",0.00,52.64,0.0,0.8347942-0.8664461,4341.2305,0.0,1.00:0.00,4341.2305,0.0,1.00:0.00,2170.6152,64.00,20.68,2,"BGALBSAFUSION|BGALecoliBSAbovineFUSION_01","Carbamidomethylation"
"NHPSVIIWS",0.00,21.83,0.0,0.79243433-0.8379514,0.0,4102.783,-:64.00,0.0,4102.783,-:64.00,2051.3916,64.00,27.08,1,"BGALBSAFUSION|BGALecoliBSAbovineFUSION_01",""
"NTTIPTK",0.00,26.59,0.0,0.7159243-0.7376555,0.0,47.101208,-:64.00,0.0,47.101208,-:64.00,23.550604,64.00,6.35,1,"A0A7I2V2S7|A0A7I2V2S7_HUMAN:E9PNE6|E9PNE6_HUMAN:D6RCD7|D6RCD7_HUMAN:P11142|HSP7C_HUMAN:A8K7Q2|A8K7Q2_HUMAN:E9PS65|E9PS65_HUMAN:A0A7I2YQB2|A0A7I2YQB2_HUMAN:P38646|GRP75_HUMAN:A0A7I2V2G2|A0A7I2V2G2_HUMAN:P54652|HSP72_HUMAN:E9PKE3|E9PKE3_HUMAN",""
"NVDESWLQEGQTR",0.00,47.59,0.0,0.9613805-1.0222031,0.0,3788.5847,-:64.00,0.0,3788.5847,-:64.00,1894.2924,64.00,21.51,1,"BGALBSAFUSION|BGALecoliBSAbovineFUSION_01",""
"NWLGLGPQENYPDR",0.00,39.17,0.0,1.0030785-1.059267,117.94498,6928.19,1.00:58.74,117.94498,6928.19,1.00:58.74,3523.0674,58.74,30.23,1,"BGALBSAFUSION|BGALecoliBSAbovineFUSION_01",""
"PC(+57.02)FSALTPDETYVPK",0.00,38.79,0.0,1.060032-1.1283396,1162.2173,0.0,1.00:0.00,1162.2173,0.0,1.00:0.00,581.10864,64.00,29.15,1,"BGALBSAFUSION|BGALecoliBSAbovineFUSION_01","Carbamidomethylation"
"PFDEHVK",0.00,21.67,0.0,0.7736417-0.79857314,442.42914,0.0,1.00:0.00,442.42914,0.0,1.00:0.00,221.21457,64.00,8.78,1,"BGALBSAFUSION|BGALecoliBSAbovineFUSION_01",""
"PHAC(+57.02)YSTVFDK",0.00,35.72,0.0,0.6941543-0.73619944,9020.468,54.47489,1.00:0.02,9020.468,54.47489,1.00:0.02,4537.471,64.00,16.89,2,"BGALBSAFUSION|BGALecoliBSAbovineFUSION_01","Carbamidomethylation"
"PHAC(+57.02)YSTVFDKLK",0.00,38.53,0.0,0.7872436-0.82687515,5409.3813,0.0,1.00:0.00,5409.3813,0.0,1.00:0.00,2704.6907,64.00,29.79,1,"BGALBSAFUSION|BGALecoliBSAbovineFUSION_01","Carbamidomethylation"
"PHPALTEAK",0.00,27.20,0.0,0.7764751-0.81748354,0.0,1230.5093,-:64.00,0.0,1230.5093,-:64.00,615.25464,64.00,14.38,1,"BGALBSAFUSION|BGALecoliBSAbovineFUSION_01",""
"PLASGEVPLDVAPQGK",0.00,68.54,0.0,1.0222031-1.0615107,0.0,13362.692,-:64.00,0.0,13362.692,-:64.00,6681.346,64.00,25.72,2,"BGALBSAFUSION|BGALecoliBSAbovineFUSION_01",""
"PLDN(+0.98)DIGVSEATR",0.00,50.53,0.0,0.9207124-0.963637,0.0,17095.275,-:64.00,0.0,17095.275,-:64.00,8547.638,64.00,19.56,1,"BGALBSAFUSION|BGALecoliBSAbovineFUSION_01","Deamidation (NQ)"
"PLDNDIGVSEATR",0.00,51.06,1.5,0.9139251-0.98505926,205.83572,226636.39,1.00:64.00,205.83572,226636.39,1.00:64.00,113421.11,64.00,17.90,1,"BGALBSAFUSION|BGALecoliBSAbovineFUSION_01",""
"PNTLC(+57.02)DEFK",0.00,38.84,0.0,0.8472335-0.88451546,5724.1,0.0,1.00:0.00,5724.1,0.0,1.00:0.00,2862.05,64.00,16.74,1,"BGALBSAFUSION|BGALecoliBSAbovineFUSION_01","Carbamidomethylation"
"PNTLC(+57.02)DEFKADEK",0.00,59.62,0.0,0.76116693-0.829138,105871.88,196.19812,1.00:0.02,105871.88,196.19812,1.00:0.02,53034.04,64.00,16.99,2,"BGALBSAFUSION|BGALecoliBSAbovineFUSION_01","Carbamidomethylation"
"PNTLC(+57.02)DEFKADEKK",0.00,42.47,0.0,0.78950995-0.82687515,2627.4697,0.0,1.00:0.00,2627.4697,0.0,1.00:0.00,1313.7349,64.00,16.91,1,"BGALBSAFUSION|BGALecoliBSAbovineFUSION_01","Carbamidomethylation"
"PSEFDLSAFLR",0.00,23.67,0.0,0.89128137-0.9376691,85.44876,16697.408,1.00:64.00,85.44876,16697.408,1.00:64.00,8391.429,64.00,40.40,1,"BGALBSAFUSION|BGALecoliBSAbovineFUSION_01",""
"PTTQ(+0.98)ISDFHVATR",0.00,20.11,0.0,0.79926956-0.8265833,0.0,76.48846,-:64.00,0.0,76.48846,-:64.00,38.24423,64.00,22.04,1,"BGALBSAFUSION|BGALecoliBSAbovineFUSION_01","Deamidation (NQ)"
"PTTQISDFHVATR",0.00,37.32,0.0,0.7912949-0.82999456,72.52266,21766.045,1.00:64.00,72.52266,21766.045,1.00:64.00,10919.284,64.00,21.38,2,"BGALBSAFUSION|BGALecoliBSAbovineFUSION_01",""
"PVSEKVTK",0.00,22.24,0.0,0.6748134-0.72597855,2494.4172,0.0,1.00:0.00,2494.4172,0.0,1.00:0.00,1247.2086,64.00,5.77,1,"BGALBSAFUSION|BGALecoliBSAbovineFUSION_01",""
"Q(+0.98)PQGGILK",0.00,22.21,0.0,0.771374-0.79857314,5214.2676,0.0,1.00:0.00,5214.2676,0.0,1.00:0.00,2607.1338,64.00,10.28,1,"H0YG02|H0YG02_HUMAN:C9JQ94|C9JQ94_HUMAN:A0A2R8YEI5|A0A2R8YEI5_HUMAN","Deamidation (NQ)"
"Q(+0.98)TALVELLK",0.00,23.44,0.0,0.8280066-0.88225746,38732.95,0.0,1.00:0.00,38732.95,0.0,1.00:0.00,19366.475,64.00,29.39,1,"BGALBSAFUSION|BGALecoliBSAbovineFUSION_01","Deamidation (NQ)"
"Q(-17.03)AEDKGAC(+57.02)LLPK",0.00,28.62,0.0,0.9307607-0.9679223,353.19946,0.0,1.00:0.00,353.19946,0.0,1.00:0.00,176.59973,64.00,18.57,1,"BGALBSAFUSION|BGALecoliBSAbovineFUSION_01","Pyro-glu from Q; Carbamidomethylation"
"Q(-17.03)EPERNEC(+57.02)FLSHKDD",0.00,23.12,0.0,0.7759092-0.82121724,110.53501,0.0,1.00:0.00,110.53501,0.0,1.00:0.00,55.267506,64.00,15.77,1,"BGALBSAFUSION|BGALecoliBSAbovineFUSION_01","Pyro-glu from Q; Carbamidomethylation"
"Q(-17.03)EPERNEC(+57.02)FLSHKDDSPDLPK",0.00,56.76,0.0,0.7963076-0.850625,4420.981,84.0295,1.00:0.02,4420.981,84.0295,1.00:0.02,2252.5051,52.61,22.50,1,"BGALBSAFUSION|BGALecoliBSAbovineFUSION_01","Pyro-glu from Q; Carbamidomethylation"
"Q(-17.03)LIELPELPQ(+0.98)PESAGQLWLTVR",0.00,50.23,0.0,1.0154556-1.0469213,0.0,17.467905,-:64.00,0.0,17.467905,-:64.00,8.7339525,64.00,54.84,1,"BGALBSAFUSION|BGALecoliBSAbovineFUSION_01","Pyro-glu from Q; Deamidation (NQ)"
"Q(-17.03)MWIGDKK",0.00,20.58,0.0,0.79585224-0.8356784,0.0,3167.087,-:64.00,0.0,3167.087,-:64.00,1583.5435,64.00,20.10,1,"BGALBSAFUSION|BGALecoliBSAbovineFUSION_01","Pyro-glu from Q"
"Q(-17.03)N(+0.98)NFNAVR",0.00,28.06,0.0,0.77077174-0.80496347,0.0,3408.3357,-:64.00,0.0,3408.3357,-:64.00,1704.1678,64.00,14.55,1,"BGALBSAFUSION|BGALecoliBSAbovineFUSION_01","Pyro-glu from Q; Deamidation (NQ)"
"Q(-17.03)NC(+57.02)D(+21.98)QFEK",0.00,33.11,0.0,0.7997058-0.84384155,1919.2183,0.0,1.00:0.00,1919.2183,0.0,1.00:0.00,959.60913,64.00,9.87,1,"BGALBSAFUSION|BGALecoliBSAbovineFUSION_01","Pyro-glu from Q; Carbamidomethylation; Sodium adduct"
"Q(-17.03)NC(+57.02)DQFEK",0.00,40.22,0.0,0.7974404-0.8494945,90305.695,0.0,1.00:0.00,90305.695,0.0,1.00:0.00,45152.848,64.00,9.86,1,"BGALBSAFUSION|BGALecoliBSAbovineFUSION_01","Pyro-glu from Q; Carbamidomethylation"
"Q(-17.03)NC(+57.02)DQFEKLGEYGFQNALIVR",0.00,64.74,0.0,1.0331072-1.0746046,1189.248,0.0,1.00:0.00,1189.248,0.0,1.00:0.00,594.624,64.00,40.68,1,"BGALBSAFUSION|BGALecoliBSAbovineFUSION_01","Pyro-glu from Q; Carbamidomethylation"
"Q(-17.03)NNFNAVR",0.00,30.39,0.0,0.787876-0.8208965,0.0,2275.2349,-:64.00,0.0,2275.2349,-:64.00,1137.6174,64.00,13.70,1,"BGALBSAFUSION|BGALecoliBSAbovineFUSION_01","Pyro-glu from Q"
"Q(-17.03)QLMETSHR",0.00,19.24,0.0,0.82999456-0.85953015,0.0,8867.945,-:64.00,0.0,8867.945,-:64.00,4433.9727,64.00,11.99,1,"BGALBSAFUSION|BGALecoliBSAbovineFUSION_01","Pyro-glu from Q"
"Q(-17.03)QQLMETSHR",0.00,28.46,0.0,0.85498947-0.9150565,178.81097,43235.176,1.00:64.00,178.81097,43235.176,1.00:64.00,21706.994,64.00,14.06,1,"BGALBSAFUSION|BGALecoliBSAbovineFUSION_01","Pyro-glu from Q"
"Q(-17.03)SGFLSQMWIGDK",0.00,52.64,0.0,0.9613805-1.0120809,0.0,399.93417,-:64.00,0.0,399.93417,-:64.00,199.96709,64.00,41.94,1,"BGALBSAFUSION|BGALecoliBSAbovineFUSION_01","Pyro-glu from Q"
"Q(-17.03)SGFLSQMWIGDKK",0.00,55.50,0.0,1.0401834-1.0861725,0.0,3370.6182,-:64.00,0.0,3370.6182,-:64.00,1685.3091,64.00,37.59,1,"BGALBSAFUSION|BGALecoliBSAbovineFUSION_01","Pyro-glu from Q"
"Q(-17.03)TALVELLK",0.00,25.91,0.0,0.8053684-0.85966676,15423.044,0.0,1.00:0.00,15423.044,0.0,1.00:0.00,7711.522,64.00,40.40,1,"BGALBSAFUSION|BGALecoliBSAbovineFUSION_01","Pyro-glu from Q"
"QEPERNEC(+57.02)FLSHKDD",0.00,25.68,0.0,0.81669-0.8517554,211.83995,0.0,1.00:0.00,211.83995,0.0,1.00:0.00,105.919975,64.00,16.32,1,"BGALBSAFUSION|BGALecoliBSAbovineFUSION_01","Carbamidomethylation"
"QEPERNEC(+57.02)FLSHKDDSPDLPK",0.00,38.54,0.0,0.8008384-0.8574066,19739.635,290.10623,1.00:0.02,19739.635,290.10623,1.00:0.02,10014.87,64.00,28.38,1,"BGALBSAFUSION|BGALecoliBSAbovineFUSION_01","Carbamidomethylation"
"QGGFVWDWVDQSLIK",0.00,30.18,0.0,1.0884126-1.1141541,0.0,147.40965,-:64.00,0.0,147.40965,-:64.00,73.70483,64.00,46.45,1,"BGALBSAFUSION|BGALecoliBSAbovineFUSION_01",""
"QN(+0.98)C(+57.02)DQFEK",0.00,26.25,0.0,0.8155581-0.86305666,5131.252,0.0,1.00:0.00,5131.252,0.0,1.00:0.00,2565.626,64.00,6.38,1,"BGALBSAFUSION|BGALecoliBSAbovineFUSION_01","Deamidation (NQ); Carbamidomethylation"
"QN(+0.98)NFNAVR",0.00,27.86,0.0,0.7684899-0.81293184,0.0,241.15808,-:64.00,0.0,241.15808,-:64.00,120.57904,64.00,9.47,1,"BGALBSAFUSION|BGALecoliBSAbovineFUSION_01","Deamidation (NQ)"
"QNC(+57.02)DQFEK",0.00,32.59,0.0,0.81442606-0.88112843,244654.88,0.0,1.00:0.00,244654.88,0.0,1.00:0.00,122327.44,64.00,5.66,1,"BGALBSAFUSION|BGALecoliBSAbovineFUSION_01","Carbamidomethylation"
"QNC(+57.02)DQFEKLGEYGFQNALIVR",0.00,41.64,0.0,0.9048284-0.95891833,2597.886,0.0,1.00:0.00,2597.886,0.0,1.00:0.00,1298.943,64.00,36.90,1,"BGALBSAFUSION|BGALecoliBSAbovineFUSION_01","Carbamidomethylation"
"QQQLMETSHR",0.00,22.81,0.0,0.7010399-0.73193944,0.0,501.17444,-:64.00,0.0,501.17444,-:64.00,250.58722,64.00,11.38,1,"BGALBSAFUSION|BGALecoliBSAbovineFUSION_01",""
"QTALVELLK",0.00,34.08,0.0,0.82234895-0.8833865,330727.72,0.0,1.00:0.00,330727.72,0.0,1.00:0.00,165363.86,64.00,29.52,1,"BGALBSAFUSION|BGALecoliBSAbovineFUSION_01",""
"QTIEVTSEYLFR",0.00,23.92,0.0,0.97829723-1.0165805,0.0,230.55313,-:64.00,0.0,230.55313,-:64.00,115.276566,64.00,31.34,1,"BGALBSAFUSION|BGALecoliBSAbovineFUSION_01",""
"QTQLEELQK",0.00,20.44,0.0,0.84363264-0.8731449,0.0,299.73788,-:64.00,0.0,299.73788,-:64.00,149.86894,64.00,11.25,1,"H0Y6I0|H0Y6I0_HUMAN:Q13439|GOGA4_HUMAN",""
"RDWEN(+0.98)PGVTQLNR",0.00,34.94,0.0,0.79926956-0.8186213,0.0,104.336105,-:64.00,0.0,104.336105,-:64.00,52.168053,64.00,27.73,1,"BGALBSAFUSION|BGALecoliBSAbovineFUSION_01","Deamidation (NQ)"
"RDWENPGVT",0.00,19.87,0.0,0.80154735-0.84476864,128.19598,25159.604,1.00:64.00,128.19598,25159.604,1.00:64.00,12643.899,64.00,16.00,1,"BGALBSAFUSION|BGALecoliBSAbovineFUSION_01",""
"RDWENPGVTQ",0.00,20.10,0.0,0.85612476-0.89581245,0.0,684.3993,-:64.00,0.0,684.3993,-:64.00,342.19965,64.00,15.34,1,"BGALBSAFUSION|BGALecoliBSAbovineFUSION_01",""
"RDWENPGVTQL",0.00,29.96,0.0,0.8946798-0.9455765,271.05243,32100.389,1.00:64.00,271.05243,32100.389,1.00:64.00,16185.721,64.00,25.28,1,"BGALBSAFUSION|BGALecoliBSAbovineFUSION_01",""
"RDWENPGVTQLNR",0.00,46.57,0.0,0.98055154-1.0334431,244.71556,6283.451,1.00:25.68,244.71556,6283.451,1.00:25.68,3264.0833,25.68,27.03,2,"BGALBSAFUSION|BGALecoliBSAbovineFUSION_01",""
"RHPEYAVSVLLR",0.00,57.27,0.0,0.7736417-0.81102985,15167.499,0.0,1.00:0.00,15167.499,0.0,1.00:0.00,7583.7495,64.00,40.52,1,"BGALBSAFUSION|BGALecoliBSAbovineFUSION_01",""
"RHPYFYAPELLYYAN(+0.98)K",0.00,34.15,0.0,0.90934026-0.94428015,968.24,0.0,1.00:0.00,968.24,0.0,1.00:0.00,484.12,64.00,46.72,1,"BGALBSAFUSION|BGALecoliBSAbovineFUSION_01","Deamidation (NQ)"
"RHPYFYAPELLYYANK",0.00,47.96,0.0,0.81782186-0.90821236,20350.814,156.0081,1.00:0.02,20350.814,156.0081,1.00:0.02,10253.411,64.00,46.17,1,"BGALBSAFUSION|BGALecoliBSAbovineFUSION_01",""
"RHPYFYAPELLYYANKYN(+0.98)GVFQEC(+57.02)C(+57.02)QAEDKGAC(+57.02)LLPK",0.00,39.18,0.0,0.98142236-1.0308622,600.6662,0.0,1.00:0.00,600.6662,0.0,1.00:0.00,300.3331,64.00,61.22,1,"BGALBSAFUSION|BGALecoliBSAbovineFUSION_01","Deamidation (NQ); Carbamidomethylation; Carbamidomethylation; Carbamidomethylation"
"RHPYFYAPELLYYANKYNGVFQ(+0.98)EC(+57.02)C(+57.02)Q(+0.98)AEDKGAC(+57.02)LLPK",0.00,42.34,0.0,0.98367167-1.0331072,783.3409,0.0,1.00:0.00,783.3409,0.0,1.00:0.00,391.67044,64.00,61.50,1,"BGALBSAFUSION|BGALecoliBSAbovineFUSION_01","Deamidation (NQ); Carbamidomethylation; Carbamidomethylation; Deamidation (NQ); Carbamidomethylation"
"RPC(+57.02)FSALTPDETYVPK",0.00,47.11,0.0,0.82234895-0.92625254,277860.53,421.34952,1.00:0.02,277860.53,421.34952,1.00:0.02,139140.94,64.00,27.21,2,"BGALBSAFUSION|BGALecoliBSAbovineFUSION_01","Carbamidomethylation"
"SAEIPN(+0.98)LYR",0.00,19.48,0.0,0.8163457-0.8572599,0.0,2008.7343,-:64.00,0.0,2008.7343,-:64.00,1004.3671,64.00,19.68,1,"BGALBSAFUSION|BGALecoliBSAbovineFUSION_01","Deamidation (NQ)"
"SAEIPNLYR",0.00,32.78,0.0,0.81520784-0.85953015,272.39716,78158.16,1.00:64.00,272.39716,78158.16,1.00:64.00,39215.277,64.00,21.31,1,"BGALBSAFUSION|BGALecoliBSAbovineFUSION_01",""
"SAYGGDFGDTPNDR",0.00,58.64,0.0,0.9184503-0.963637,0.0,582.2814,-:64.00,0.0,582.2814,-:64.00,291.1407,64.00,14.67,1,"BGALBSAFUSION|BGALecoliBSAbovineFUSION_01",""
"SDFHVATR",0.00,24.50,0.0,0.7216457-0.7502243,0.0,1441.7996,-:64.00,0.0,1441.7996,-:64.00,720.8998,64.00,18.55,1,"BGALBSAFUSION|BGALecoliBSAbovineFUSION_01",""
"SDGSYLEDQDM(+15.99)WR",0.00,25.32,0.0,0.9726601-1.0368136,137.6158,5119.936,1.00:37.20,137.6158,5119.936,1.00:37.20,2628.776,37.20,21.74,1,"BGALBSAFUSION|BGALecoliBSAbovineFUSION_01","Oxidation (M)"
"SDMYTPYVFPSEN(+0.98)GLR",0.00,30.34,0.0,1.0805706-1.129804,0.0,359.82855,-:64.00,0.0,359.82855,-:64.00,179.91428,64.00,33.41,1,"BGALBSAFUSION|BGALecoliBSAbovineFUSION_01","Deamidation (NQ)"
"SGEVPLDVAPQGK",0.00,41.92,0.0,0.89921004-0.94105846,0.0,1822.7985,-:64.00,0.0,1822.7985,-:64.00,911.39923,64.00,19.53,1,"BGALBSAFUSION|BGALecoliBSAbovineFUSION_01",""
"SGFLSQMWIGDK",0.00,26.45,0.0,0.9399287-0.9681492,0.0,453.3849,-:64.00,0.0,453.3849,-:64.00,226.69244,64.00,35.67,1,"BGALBSAFUSION|BGALecoliBSAbovineFUSION_01",""
"SGFLSQMWIGDKK",0.00,32.59,0.0,0.77419394-0.81406987,0.0,1072.5663,-:64.00,0.0,1072.5663,-:64.00,536.28314,64.00,36.11,1,"BGALBSAFUSION|BGALecoliBSAbovineFUSION_01",""
"SGQTIEVTSEYLFR",0.00,53.90,0.0,1.0143309-1.0648757,278.17773,42783.746,1.00:64.00,278.17773,42783.746,1.00:64.00,21530.96,64.00,32.01,2,"BGALBSAFUSION|BGALecoliBSAbovineFUSION_01",""
"SGTAPFGGEIIDER",0.00,45.99,0.0,0.9546091-0.9985754,83.5487,3687.5461,1.00:44.14,83.5487,3687.5461,1.00:44.14,1885.5474,44.14,25.16,1,"BGALBSAFUSION|BGALecoliBSAbovineFUSION_01",""
"SHC(+57.02)IAEVEK",0.00,51.43,0.0,0.81895375-0.8799993,4298.4165,0.0,1.00:0.00,4298.4165,0.0,1.00:0.00,2149.2083,64.00,8.79,2,"BGALBSAFUSION|BGALecoliBSAbovineFUSION_01","Carbamidomethylation"
"SHC(+57.02)IAEVEKD",0.00,40.64,0.0,0.8494945-0.89015955,8780.456,0.0,1.00:0.00,8780.456,0.0,1.00:0.00,4390.228,64.00,9.06,2,"BGALBSAFUSION|BGALecoliBSAbovineFUSION_01","Carbamidomethylation"
"SHC(+57.02)IAEVEKDAIPEN(+0.98)LPPLTADFAEDKDVC(+57.02)K",0.00,47.64,0.0,0.9307607-0.99154276,1490.876,0.0,1.00:0.00,1490.876,0.0,1.00:0.00,745.438,64.00,39.48,2,"BGALBSAFUSION|BGALecoliBSAbovineFUSION_01","Carbamidomethylation; Deamidation (NQ); Carbamidomethylation"
"SHC(+57.02)IAEVEKDAIPEN(+0.98)LPPLTADFAEDKDVC(+57.02)KNYQEAK",0.00,30.33,0.0,1.0252488-1.0690007,6443.174,0.0,1.00:0.00,6443.174,0.0,1.00:0.00,3221.587,64.00,43.22,1,"BGALBSAFUSION|BGALecoliBSAbovineFUSION_01","Carbamidomethylation; Deamidation (NQ); Carbamidomethylation"
"SHC(+57.02)IAEVEKDAIPENLPPLTAD",0.00,24.04,0.0,0.8799993-0.95441514,167.94536,0.0,1.00:0.00,167.94536,0.0,1.00:0.00,83.97268,64.00,33.69,1,"BGALBSAFUSION|BGALecoliBSAbovineFUSION_01","Carbamidomethylation"
"SHC(+57.02)IAEVEKDAIPENLPPLTADFAEDKDVC(+57.02)K",0.00,59.50,0.0,1.0331072-1.1193916,30802.012,204.54878,1.00:0.02,30802.012,204.54878,1.00:0.02,15503.28,64.00,39.24,2,"BGALBSAFUSION|BGALecoliBSAbovineFUSION_01","Carbamidomethylation; Carbamidomethylation"
"SHC(+57.02)IAEVEKDAIPENLPPLTADFAEDKDVC(+57.02)KNYQEAK",0.00,35.19,0.0,1.0162648-1.0746046,12828.84,0.0,1.00:0.00,12828.84,0.0,1.00:0.00,6414.42,64.00,43.01,1,"BGALBSAFUSION|BGALecoliBSAbovineFUSION_01","Carbamidomethylation; Carbamidomethylation"
"SLHTLFGDELC(+57.02)K",0.00,59.32,0.0,0.94765896-0.99941146,101899.79,305.97742,1.00:0.02,101899.79,305.97742,1.00:0.02,51102.883,64.00,28.94,2,"BGALBSAFUSION|BGALecoliBSAbovineFUSION_01","Carbamidomethylation"
"SLN(+0.98)GEWR",0.00,21.96,0.0,0.73536927-0.77875584,0.0,5825.039,-:64.00,0.0,5825.039,-:64.00,2912.5195,64.00,13.21,1,"BGALBSAFUSION|BGALecoliBSAbovineFUSION_01","Deamidation (NQ)"
"SLTFNVDESWLQEGQTR",0.00,40.13,0.0,1.0940119-1.176668,0.0,2832.6108,-:64.00,0.0,2832.6108,-:64.00,1416.3054,64.00,35.55,1,"BGALBSAFUSION|BGALecoliBSAbovineFUSION_01",""
"SQQQLM(+15.99)ETSHR",0.00,19.66,0.0,0.7124906-0.73422605,0.0,2453.4233,-:64.00,0.0,2453.4233,-:64.00,1226.7117,64.00,7.82,1,"BGALBSAFUSION|BGALecoliBSAbovineFUSION_01","Oxidation (M)"
"SQQQLMETSHR",0.00,23.05,0.0,0.9150565-0.9613805,0.0,2935.778,-:64.00,0.0,2935.778,-:64.00,1467.889,64.00,11.60,1,"BGALBSAFUSION|BGALecoliBSAbovineFUSION_01",""
"SQYLQQC(+57.02)PFDEHVK",0.00,45.35,0.0,0.77704287-0.8517554,9999.558,50.5438,1.00:0.02,9999.558,50.5438,1.00:0.02,5025.051,64.00,20.21,2,"BGALBSAFUSION|BGALecoliBSAbovineFUSION_01","Carbamidomethylation"
"SVDPSRPVQY",0.00,28.18,0.0,0.82772046-0.8697422,0.0,14541.031,-:64.00,0.0,14541.031,-:64.00,7270.5156,64.00,14.72,1,"BGALBSAFUSION|BGALecoliBSAbovineFUSION_01",""
"SVDPSRPVQYEG",0.00,28.00,0.0,0.87768084-0.9218434,0.0,233.4502,-:64.00,0.0,233.4502,-:64.00,116.7251,64.00,14.21,1,"BGALBSAFUSION|BGALecoliBSAbovineFUSION_01",""
"SVDPSRPVQYEGG",0.00,42.39,0.0,0.8980776-0.9478351,0.0,301.7205,-:64.00,0.0,301.7205,-:64.00,150.86024,64.00,14.11,1,"BGALBSAFUSION|BGALecoliBSAbovineFUSION_01",""
"SVDPSRPVQYEGGG",0.00,53.72,0.0,0.9184503-0.9681492,0.0,304.71985,-:64.00,0.0,304.71985,-:64.00,152.35992,64.00,14.04,1,"BGALBSAFUSION|BGALecoliBSAbovineFUSION_01",""
"SVDPSRPVQYEGGGAD",0.00,67.64,0.0,0.9579951-1.0267,0.0,1662.1117,-:64.00,0.0,1662.1117,-:64.00,831.05585,64.00,14.73,1,"BGALBSAFUSION|BGALecoliBSAbovineFUSION_01",""
"SVDPSRPVQYEGGGADTTATD",0.00,43.85,0.0,1.1085614-1.1844662,0.0,956.7678,-:64.00,0.0,956.7678,-:64.00,478.3839,64.00,16.49,1,"BGALBSAFUSION|BGALecoliBSAbovineFUSION_01",""
"TALVELLK",0.00,23.25,0.0,0.790643-0.80989766,67.428635,0.0,1.00:0.00,67.428635,0.0,1.00:0.00,33.714317,64.00,28.40,1,"BGALBSAFUSION|BGALecoliBSAbovineFUSION_01",""
"TAPFGGEIIDER",0.00,20.87,0.0,0.9161878-0.9500934,0.0,109.29536,-:64.00,0.0,109.29536,-:64.00,54.64768,64.00,24.70,1,"BGALBSAFUSION|BGALecoliBSAbovineFUSION_01",""
"TC(+57.02)VAD(+21.98)ESHAGC(+57.02)EK",0.00,47.35,0.0,0.69984007-0.77704287,1296.1715,0.0,1.00:0.00,1296.1715,0.0,1.00:0.00,648.08575,64.00,5.17,2,"BGALBSAFUSION|BGALecoliBSAbovineFUSION_01","Carbamidomethylation; Sodium adduct; Carbamidomethylation"
"TC(+57.02)VADESHAG",0.00,27.65,0.0,0.790643-0.81442606,274.28903,0.0,1.00:0.00,274.28903,0.0,1.00:0.00,137.14452,64.00,4.73,1,"BGALBSAFUSION|BGALecoliBSAbovineFUSION_01","Carbamidomethylation"
"TC(+57.02)VADESHAGC(+57.02)E",0.00,29.47,0.0,0.88225746-0.90708447,73.55075,0.0,1.00:0.00,73.55075,0.0,1.00:0.00,36.775375,64.00,6.54,1,"BGALBSAFUSION|BGALecoliBSAbovineFUSION_01","Carbamidomethylation; Carbamidomethylation"
"TC(+57.02)VADESHAGC(+57.02)EK",0.00,66.01,0.0,0.7475513-0.8347942,496692.7,0.0,1.00:0.00,496692.7,0.0,1.00:0.00,248346.34,64.00,5.34,2,"BGALBSAFUSION|BGALecoliBSAbovineFUSION_01","Carbamidomethylation; Carbamidomethylation"
"TDRPSQQLR",0.00,40.08,0.0,0.6953118-0.75707614,97.3864,11398.48,1.00:64.00,97.3864,11398.48,1.00:64.00,5747.9336,64.00,12.36,2,"BGALBSAFUSION|BGALecoliBSAbovineFUSION_01",""
"TFNVDESWLQEGQTR",0.00,50.75,0.0,1.0547787-1.0973706,0.0,430.86737,-:64.00,0.0,430.86737,-:64.00,215.43369,64.00,29.94,1,"BGALBSAFUSION|BGALecoliBSAbovineFUSION_01",""
"TIEVTSEYLFR",0.00,30.86,0.0,0.9207124-0.9715325,444.58102,46244.35,1.00:64.00,444.58102,46244.35,1.00:64.00,23344.467,64.00,31.03,1,"BGALBSAFUSION|BGALecoliBSAbovineFUSION_01",""
"TLFGDELC(+57.02)K",0.00,26.73,0.0,0.84158003-0.8664461,115.74824,0.0,1.00:0.00,115.74824,0.0,1.00:0.00,57.87412,64.00,22.38,1,"BGALBSAFUSION|BGALecoliBSAbovineFUSION_01","Carbamidomethylation"
"TPHPALTEAK",0.00,48.26,0.0,0.7365124-0.76620775,50.737892,18932.371,1.00:64.00,50.737892,18932.371,1.00:64.00,9491.555,64.00,13.90,2,"BGALBSAFUSION|BGALecoliBSAbovineFUSION_01",""
"TPVSEKVTK",0.00,51.21,0.0,0.81782186-0.84384155,42622.227,0.0,1.00:0.00,42622.227,0.0,1.00:0.00,21311.113,64.00,5.81,2,"BGALBSAFUSION|BGALecoliBSAbovineFUSION_01",""
"TPYVFPSEN(+0.98)GLR",0.00,33.15,0.0,0.9342791-0.986186,0.0,1045.1926,-:64.00,0.0,1045.1926,-:64.00,522.5963,64.00,26.31,1,"BGALBSAFUSION|BGALecoliBSAbovineFUSION_01","Deamidation (NQ)"
"TVM(+15.99)EN(+0.98)FVAFVDKC(+57.02)C(+57.02)AADDKEAC(+57.02)FAVEGPK",0.00,40.30,0.0,0.98142236-1.0331072,1025.814,0.0,1.00:0.00,1025.814,0.0,1.00:0.00,512.907,64.00,35.03,1,"BGALBSAFUSION|BGALecoliBSAbovineFUSION_01","Oxidation (M); Deamidation (NQ); Carbamidomethylation; Carbamidomethylation; Carbamidomethylation"
"TVM(+15.99)ENFVAFVDK",0.00,52.44,0.0,0.940901-0.9971635,153985.97,148.7341,1.00:0.02,153985.97,148.7341,1.00:0.02,77067.35,64.00,30.34,1,"BGALBSAFUSION|BGALecoliBSAbovineFUSION_01","Oxidation (M)"
"TVMEN(+0.98)FVAFVDK",0.00,40.82,0.0,0.94991124-0.9892941,224.66425,0.0,1.00:0.00,224.66425,0.0,1.00:0.00,112.33212,64.00,34.82,1,"BGALBSAFUSION|BGALecoliBSAbovineFUSION_01","Deamidation (NQ)"
"TVMEN(+0.98)FVAFVDKC(+57.02)C(+57.02)AADDKEAC(+57.02)FAVEGPK",0.00,22.43,0.0,0.9847963-1.0364743,2172.5217,0.0,1.00:0.00,2172.5217,0.0,1.00:0.00,1086.2609,64.00,39.90,2,"BGALBSAFUSION|BGALecoliBSAbovineFUSION_01","Deamidation (NQ); Carbamidomethylation; Carbamidomethylation; Carbamidomethylation"
"TVMENFVAFVDK",0.00,52.07,0.0,0.9386479-1.0016592,67695.06,62.407253,1.00:0.02,67695.06,62.407253,1.00:0.02,33878.734,64.00,37.18,1,"BGALBSAFUSION|BGALecoliBSAbovineFUSION_01",""
"TVMENFVAFVDKC(+57.02)C(+57.02)AADDKEAC(+57.02)FAVEGPK",0.00,33.64,0.0,0.9870453-1.0387188,3829.5874,0.0,1.00:0.00,3829.5874,0.0,1.00:0.00,1914.7937,64.00,39.83,1,"BGALBSAFUSION|BGALecoliBSAbovineFUSION_01","Carbamidomethylation; Carbamidomethylation; Carbamidomethylation"
"VADESHAGC(+57.02)EK",0.00,36.16,0.0,0.8517554-0.9025722,1025.3638,0.0,1.00:0.00,1025.3638,0.0,1.00:0.00,512.6819,64.00,5.19,1,"BGALBSAFUSION|BGALecoliBSAbovineFUSION_01","Carbamidomethylation"
"VALDGKPLASGEVPLDVAPQGK",0.00,54.12,0.0,0.8572599-0.9218434,66.52755,5232.368,1.00:64.00,66.52755,5232.368,1.00:64.00,2649.4478,64.00,30.36,1,"BGALBSAFUSION|BGALecoliBSAbovineFUSION_01",""
"VASGTAPFGGEIIDER",0.00,38.70,0.0,1.0030785-1.0637542,0.0,2483.3032,-:64.00,0.0,2483.3032,-:64.00,1241.6516,64.00,26.41,1,"BGALBSAFUSION|BGALecoliBSAbovineFUSION_01",""
"VASLRETYGD",0.00,40.03,0.0,0.83253187-0.86305666,4461.65,0.0,1.00:0.00,4461.65,0.0,1.00:0.00,2230.825,64.00,12.53,1,"BGALBSAFUSION|BGALecoliBSAbovineFUSION_01",""
"VASLRETYGDM(+15.99)AD",0.00,50.71,0.0,0.940901-0.978048,7134.5103,0.0,1.00:0.00,7134.5103,0.0,1.00:0.00,3567.2551,64.00,14.03,1,"BGALBSAFUSION|BGALecoliBSAbovineFUSION_01","Oxidation (M)"
"VASLRETYGDM(+15.99)ADC(+57.02)C(+57.02)EK",0.00,48.10,0.0,0.791776-0.8664461,40774.9,498.3683,1.00:0.02,40774.9,498.3683,1.00:0.02,20636.633,64.00,14.00,2,"BGALBSAFUSION|BGALecoliBSAbovineFUSION_01","Oxidation (M); Carbamidomethylation; Carbamidomethylation"
"VASLRETYGDMAD",0.00,42.91,0.0,0.93639463-0.9802976,3299.1199,0.0,1.00:0.00,3299.1199,0.0,1.00:0.00,1649.5599,64.00,18.88,1,"BGALBSAFUSION|BGALecoliBSAbovineFUSION_01",""
"VASLRETYGDMADC(+57.02)C(+57.02)EK",0.00,47.41,0.0,0.81329405-0.874353,20829.092,88.35584,1.00:0.02,20829.092,88.35584,1.00:0.02,10458.724,64.00,18.87,2,"BGALBSAFUSION|BGALecoliBSAbovineFUSION_01","Carbamidomethylation; Carbamidomethylation"
"VDEDQ(+0.98)PFPAVPK",0.00,53.90,0.0,0.8890153-0.9704048,110.20943,5018.353,1.00:45.53,110.20943,5018.353,1.00:45.53,2564.2812,45.53,23.49,1,"BGALBSAFUSION|BGALecoliBSAbovineFUSION_01","Deamidation (NQ)"
"VDEDQPFPAVPK",0.00,47.35,0.3,0.88788223-0.9749152,332.3198,293225.44,1.00:64.00,332.3198,293225.44,1.00:64.00,146778.88,64.00,22.41,2,"BGALBSAFUSION|BGALecoliBSAbovineFUSION_01",""
"VDESWLQEGQTR",0.00,34.56,0.0,0.9218434-0.98167855,81.70709,2286.1138,1.00:27.98,81.70709,2286.1138,1.00:27.98,1183.9104,27.98,20.54,1,"BGALBSAFUSION|BGALecoliBSAbovineFUSION_01",""
"VDVEVASDTPHPAR",0.00,39.29,0.0,0.7969914-0.8265833,0.0,241.36003,-:64.00,0.0,241.36003,-:64.00,120.680016,64.00,16.30,1,"BGALBSAFUSION|BGALecoliBSAbovineFUSION_01",""
"VFPSEN(+0.98)GLR",0.00,24.24,0.0,0.8004085-0.85498947,205.18301,33950.582,1.00:64.00,205.18301,33950.582,1.00:64.00,17077.883,64.00,17.34,1,"BGALBSAFUSION|BGALecoliBSAbovineFUSION_01","Deamidation (NQ)"
"VFPSENGLR",0.00,25.37,0.0,0.7969914-0.8459046,50.302208,3145.5269,1.00:62.53,50.302208,3145.5269,1.00:62.53,1597.9146,62.53,16.84,1,"BGALBSAFUSION|BGALecoliBSAbovineFUSION_01",""
"VGPVSLPR",0.00,22.73,0.0,0.7384702-0.790643,5087.925,0.0,1.00:0.00,5087.925,0.0,1.00:0.00,2543.9624,64.00,16.54,1,"A8MYJ1|A8MYJ1_HUMAN:Q12802|AKP13_HUMAN:A0A087WTD7|A0A087WTD7_HUMAN",""
"VGYGQDSR",0.00,21.56,0.0,0.7502243-0.78445655,0.0,32028.303,-:64.00,0.0,32028.303,-:64.00,16014.151,64.00,4.77,1,"BGALBSAFUSION|BGALecoliBSAbovineFUSION_01",""
"VHKEC(+57.02)C(+57.02)HGDLLEC(+57.02)ADDRADLAK",0.00,31.90,0.0,0.8709646-0.93188757,11683.885,0.0,1.00:0.00,11683.885,0.0,1.00:0.00,5841.9424,64.00,49.34,2,"BGALBSAFUSION|BGALecoliBSAbovineFUSION_01","Carbamidomethylation; Carbamidomethylation; Carbamidomethylation"
"VN(+0.98)WLGLGPQENYPDR",0.00,38.96,0.0,0.7810363-0.8424965,0.0,906.12195,-:64.00,0.0,906.12195,-:64.00,453.06097,64.00,33.38,2,"BGALBSAFUSION|BGALecoliBSAbovineFUSION_01","Deamidation (NQ)"
"VNWLGLGPQ",0.00,27.41,0.0,0.78559643-0.81520784,0.0,4257.918,-:64.00,0.0,4257.918,-:64.00,2128.959,64.00,34.44,1,"BGALBSAFUSION|BGALecoliBSAbovineFUSION_01",""
"VNWLGLGPQE",0.00,24.42,0.0,0.81975895-0.8527187,0.0,291.51755,-:64.00,0.0,291.51755,-:64.00,145.75877,64.00,34.31,1,"BGALBSAFUSION|BGALecoliBSAbovineFUSION_01",""
"VNWLGLGPQEN",0.00,28.00,0.0,0.8640696-0.90487117,54.399174,2367.101,1.00:43.51,54.399174,2367.101,1.00:43.51,1210.7501,43.51,33.28,1,"BGALBSAFUSION|BGALecoliBSAbovineFUSION_01",""
"VNWLGLGPQENYPDR",0.00,49.63,0.0,0.7821765-0.85044765,269.07642,7442.203,1.00:27.66,269.07642,7442.203,1.00:27.66,3855.6396,27.66,32.51,2,"BGALBSAFUSION|BGALecoliBSAbovineFUSION_01",""
"VPQVSTPTLVEVSR",0.00,52.50,0.0,0.9724231-1.0241259,20669.336,0.0,1.00:0.00,20669.336,0.0,1.00:0.00,10334.668,64.00,26.51,2,"B7WNR0|B7WNR0_HUMAN:A0A0C4DGB6|A0A0C4DGB6_HUMAN:BGALBSAFUSION|BGALecoliBSAbovineFUSION_01:P02768|ALBU_HUMAN:C9JKR2|C9JKR2_HUMAN:D6RHD5|D6RHD5_HUMAN:H0YA55|H0YA55_HUMAN",""
"VSTPTLVEVSR",0.00,26.15,0.0,0.8641865-0.89354545,371.24536,0.0,1.00:0.00,371.24536,0.0,1.00:0.00,185.62268,64.00,21.24,1,"B7WNR0|B7WNR0_HUMAN:A0A0C4DGB6|A0A0C4DGB6_HUMAN:BGALBSAFUSION|BGALecoliBSAbovineFUSION_01:P02768|ALBU_HUMAN:C9JKR2|C9JKR2_HUMAN:D6RHD5|D6RHD5_HUMAN:H0YA55|H0YA55_HUMAN",""
"VTVSLWQ(+0.98)GETQVASGTAPFGGEIIDER",0.00,47.14,0.0,1.0177051-1.0502892,0.0,26.059875,-:64.00,0.0,26.059875,-:64.00,13.029938,64.00,40.25,1,"BGALBSAFUSION|BGALecoliBSAbovineFUSION_01","Deamidation (NQ)"
"VTVSLWQGE(+21.98)TQVASGTAPFGGEIIDER",0.00,40.61,0.0,1.0502892-1.119745,0.0,157.65353,-:64.00,0.0,157.65353,-:64.00,78.82677,64.00,40.40,1,"BGALBSAFUSION|BGALecoliBSAbovineFUSION_01","Sodium adduct"
"VTVSLWQGETQ",0.00,32.56,0.0,0.8583951-0.9037391,0.0,871.6664,-:64.00,0.0,871.6664,-:64.00,435.8332,64.00,28.12,1,"BGALBSAFUSION|BGALecoliBSAbovineFUSION_01",""
"VTVSLWQGETQVA",0.00,19.38,0.0,0.9354092-0.9873127,0.0,362.07492,-:64.00,0.0,362.07492,-:64.00,181.03746,64.00,32.36,1,"BGALBSAFUSION|BGALecoliBSAbovineFUSION_01",""
"VTVSLWQGETQVASGTAPFGGEIIDER",0.00,45.44,0.0,0.96476513-1.1152724,332.8395,5311.342,1.00:15.96,332.8395,5311.342,1.00:15.96,2822.0906,15.96,40.43,1,"BGALBSAFUSION|BGALecoliBSAbovineFUSION_01",""
"VVDEAN(+0.98)IETHGMVPMNR",0.00,29.45,0.0,0.8072405-0.8640696,0.0,587.72736,-:64.00,0.0,587.72736,-:64.00,293.86368,64.00,23.40,1,"BGALBSAFUSION|BGALecoliBSAbovineFUSION_01","Deamidation (NQ)"
"VVDEANIETHGMVPM(+15.99)NR",0.00,18.84,0.0,0.78445655-0.875413,0.0,407.7519,-:64.00,0.0,407.7519,-:64.00,203.87595,64.00,20.26,1,"BGALBSAFUSION|BGALecoliBSAbovineFUSION_01","Oxidation (M)"
"VVDEANIETHGMVPMNR",0.00,28.24,0.0,0.80154735-0.89694506,123.52898,4818.6523,1.00:39.01,123.52898,4818.6523,1.00:39.01,2471.0906,39.01,23.53,1,"BGALBSAFUSION|BGALecoliBSAbovineFUSION_01",""
"VVQPN(+0.98)ATAWSEAGH",0.00,33.92,0.0,0.9252358-0.9985754,0.0,669.9661,-:64.00,0.0,669.9661,-:64.00,334.98306,64.00,19.35,1,"BGALBSAFUSION|BGALecoliBSAbovineFUSION_01","Deamidation (NQ)"
"VVQPN(+0.98)ATAWSEAGHIS",0.00,33.19,0.0,1.0154556-1.0704827,52.51623,3736.3647,1.00:64.00,52.51623,3736.3647,1.00:64.00,1894.4404,64.00,25.21,1,"BGALBSAFUSION|BGALecoliBSAbovineFUSION_01","Deamidation (NQ)"
"VVQPNATAW",0.00,19.34,0.0,0.76278394-0.80837893,0.0,627.62537,-:64.00,0.0,627.62537,-:64.00,313.81268,64.00,21.52,1,"BGALBSAFUSION|BGALecoliBSAbovineFUSION_01",""
"VVQPNATAWSE",0.00,26.22,0.0,0.8459046-0.8924142,90.094055,3282.2717,1.00:36.43,90.094055,3282.2717,1.00:36.43,1686.1829,36.43,20.43,1,"BGALBSAFUSION|BGALecoliBSAbovineFUSION_01",""
"VVQPNATAWSEAGH",0.00,32.59,0.0,0.9308884-0.98505926,0.0,3611.9448,-:64.00,0.0,3611.9448,-:64.00,1805.9724,64.00,18.99,1,"BGALBSAFUSION|BGALecoliBSAbovineFUSION_01",""
"VVQPNATAWSEAGHIS",0.00,43.05,0.0,1.0154556-1.0603889,62.861195,23966.928,1.00:64.00,62.861195,23966.928,1.00:64.00,12014.895,64.00,24.42,2,"BGALBSAFUSION|BGALecoliBSAbovineFUSION_01",""
"VVQPNATAWSEAGHISAW",0.00,34.86,0.0,1.1018478-1.1577147,0.0,412.8442,-:64.00,0.0,412.8442,-:64.00,206.4221,64.00,33.80,1,"BGALBSAFUSION|BGALecoliBSAbovineFUSION_01",""
"WENPGVTQLNR",0.00,33.94,0.0,0.8946798-0.9365392,0.0,1913.1162,-:64.00,0.0,1913.1162,-:64.00,956.5581,64.00,19.98,1,"BGALBSAFUSION|BGALecoliBSAbovineFUSION_01",""
"WLGLGPQENYPDR",0.00,33.83,0.0,0.9704048-1.027824,120.47856,5536.8843,1.00:45.96,120.47856,5536.8843,1.00:45.96,2828.6814,45.96,28.94,1,"BGALBSAFUSION|BGALecoliBSAbovineFUSION_01",""
"WLSLPGETR",0.00,19.50,0.0,0.79926956-0.85612476,91.99124,12432.105,1.00:64.00,91.99124,12432.105,1.00:64.00,6262.0483,64.00,26.69,1,"BGALBSAFUSION|BGALecoliBSAbovineFUSION_01",""
"WM(+15.99)VALDGKPLASGEVPLDVAPQGK",0.00,25.83,0.0,0.9037391-0.9557379,0.0,138.41545,-:64.00,0.0,138.41545,-:64.00,69.207726,64.00,36.68,1,"BGALBSAFUSION|BGALecoliBSAbovineFUSION_01","Oxidation (M)"
"WMVALDGKPLASGEVPLDVAPQ(+0.98)GK",0.00,22.22,0.0,0.9252358-0.9726601,0.0,364.00204,-:64.00,0.0,364.00204,-:64.00,182.00102,64.00,39.28,1,"BGALBSAFUSION|BGALecoliBSAbovineFUSION_01","Deamidation (NQ)"
"WSDGSYLEDQ",0.00,22.36,0.0,0.84476864-0.8980776,0.0,562.50507,-:64.00,0.0,562.50507,-:64.00,281.25253,64.00,20.70,1,"BGALBSAFUSION|BGALecoliBSAbovineFUSION_01",""
"WSDGSYLEDQ(+0.98)DMWR",0.00,39.19,0.0,1.0457984-1.0704827,0.0,73.896355,-:64.00,0.0,73.896355,-:64.00,36.948177,64.00,34.92,1,"BGALBSAFUSION|BGALecoliBSAbovineFUSION_01","Deamidation (NQ)"
"WSDGSYLEDQDM(+15.99)WR",0.00,40.60,0.0,1.027824-1.07945,0.0,2658.997,-:64.00,0.0,2658.997,-:64.00,1329.4985,64.00,28.09,1,"BGALBSAFUSION|BGALecoliBSAbovineFUSION_01","Oxidation (M)"
"WSDGSYLEDQDMWR",0.00,49.96,0.0,1.0323194-1.0895326,102.405106,7271.967,1.00:64.00,102.405106,7271.967,1.00:64.00,3687.186,64.00,34.09,1,"BGALBSAFUSION|BGALecoliBSAbovineFUSION_01",""
"WVDQSLIK",0.00,19.52,0.0,0.80610204-0.8402241,51.737774,5139.5967,1.00:64.00,51.737774,5139.5967,1.00:64.00,2595.6672,64.00,22.11,1,"BGALBSAFUSION|BGALecoliBSAbovineFUSION_01",""
"YDEN(+0.98)GN(+0.98)PWSAYGGDFGDTPNDR",0.00,43.08,0.0,1.1967134-1.2433951,0.0,174.00179,-:64.00,0.0,174.00179,-:64.00,87.00089,64.00,32.50,1,"BGALBSAFUSION|BGALecoliBSAbovineFUSION_01","Deamidation (NQ); Deamidation (NQ)"
"YDEN(+0.98)GNPWSAYGGDFGDTPNDR",0.00,71.63,0.0,1.169981-1.2689048,297.0571,7740.952,1.00:26.06,297.0571,7740.952,1.00:26.06,4019.0046,26.06,31.45,2,"BGALBSAFUSION|BGALecoliBSAbovineFUSION_01","Deamidation (NQ)"
"YDENGN(+0.98)PWSAYGGDFGDTPN(+0.98)DR",0.00,37.65,0.0,1.205615-1.2378443,0.0,244.77243,-:64.00,0.0,244.77243,-:64.00,122.386215,64.00,32.14,1,"BGALBSAFUSION|BGALecoliBSAbovineFUSION_01","Deamidation (NQ); Deamidation (NQ)"
"YDENGN(+0.98)PWSAYGGDFGDTPNDR",0.00,47.08,0.0,1.1599456-1.2788765,160.71326,13161.878,1.00:64.00,160.71326,13161.878,1.00:64.00,6661.2954,64.00,30.51,2,"BGALBSAFUSION|BGALecoliBSAbovineFUSION_01","Deamidation (NQ)"
"YDENGNPWSAYGGDFGDTPNDR",0.00,57.06,0.0,1.1610609-1.2821991,253.85283,16091.006,1.00:63.39,253.85283,16091.006,1.00:63.39,8172.429,63.39,30.76,2,"BGALBSAFUSION|BGALecoliBSAbovineFUSION_01",""
"YGLYVVDEAN(+0.98)IETHGM(+15.99)VPMNR",0.00,27.21,0.0,0.91166204-0.9760426,0.0,253.43102,-:64.00,0.0,253.43102,-:64.00,126.71551,64.00,32.44,1,"BGALBSAFUSION|BGALecoliBSAbovineFUSION_01","Deamidation (NQ); Oxidation (M)"
"YGLYVVDEAN(+0.98)IETHGMVPM",0.00,22.02,0.0,1.1621763-1.1944873,0.0,49.253696,-:64.00,0.0,49.253696,-:64.00,24.626848,64.00,40.07,1,"BGALBSAFUSION|BGALecoliBSAbovineFUSION_01","Deamidation (NQ)"
"YGLYVVDEAN(+0.98)IETHGMVPM(+15.99)NR",0.00,35.74,0.0,0.9173191-0.99519736,55.184425,839.3233,1.00:15.21,55.184425,839.3233,1.00:15.21,447.25388,15.21,33.49,1,"BGALBSAFUSION|BGALecoliBSAbovineFUSION_01","Deamidation (NQ); Oxidation (M)"
"YGLYVVDEAN(+0.98)IETHGMVPMNR",0.00,29.56,0.0,0.9512224-0.99181867,0.0,327.1598,-:64.00,0.0,327.1598,-:64.00,163.5799,64.00,36.01,1,"BGALBSAFUSION|BGALecoliBSAbovineFUSION_01","Deamidation (NQ)"
"YGLYVVDEANIETH",0.00,59.42,0.0,1.0154556-1.0772086,0.0,1907.0968,-:64.00,0.0,1907.0968,-:64.00,953.5484,64.00,29.71,1,"BGALBSAFUSION|BGALecoliBSAbovineFUSION_01",""
"YGLYVVDEANIETHGMVPMN(+0.98)R",0.00,45.35,0.0,0.9512224-0.9940712,0.0,525.88727,-:64.00,0.0,525.88727,-:64.00,262.94363,64.00,36.30,1,"BGALBSAFUSION|BGALecoliBSAbovineFUSION_01","Deamidation (NQ)"
"YGLYVVDEANIETHGMVPMNR",0.00,56.76,0.0,0.9195814-1.004204,275.28137,4592.18,1.00:16.68,275.28137,4592.18,1.00:16.68,2433.7307,16.68,36.43,1,"BGALBSAFUSION|BGALecoliBSAbovineFUSION_01",""
"YIC(+57.02)D(+21.98)N(+0.98)Q(+0.98)DTISSK",0.00,28.74,0.0,0.940901-0.992667,562.3834,0.0,1.00:0.00,562.3834,0.0,1.00:0.00,281.1917,64.00,11.12,1,"BGALBSAFUSION|BGALecoliBSAbovineFUSION_01","Carbamidomethylation; Sodium adduct; Deamidation (NQ); Deamidation (NQ)"
"YIC(+57.02)DN(+0.98)QDTISSK",0.00,43.99,0.0,0.94765896-0.9982875,1644.2164,0.0,1.00:0.00,1644.2164,0.0,1.00:0.00,822.1082,64.00,12.81,1,"BGALBSAFUSION|BGALecoliBSAbovineFUSION_01","Carbamidomethylation; Deamidation (NQ)"
"YIC(+57.02)DNQD(+21.98)TISSK",0.00,41.77,0.0,0.9161065-0.99941146,2047.069,0.0,1.00:0.00,2047.069,0.0,1.00:0.00,1023.5345,64.00,11.15,1,"BGALBSAFUSION|BGALecoliBSAbovineFUSION_01","Carbamidomethylation; Sodium adduct"
"YIC(+57.02)DNQDTISSK",0.00,54.20,0.0,0.940901-1.0443293,471563.8,0.0,1.00:0.00,471563.8,0.0,1.00:0.00,235781.9,64.00,11.28,1,"BGALBSAFUSION|BGALecoliBSAbovineFUSION_01","Carbamidomethylation"
"YLSLILNR",0.00,25.20,0.0,0.8280066-0.86757576,2973.1575,0.0,1.00:0.00,2973.1575,0.0,1.00:0.00,1486.5787,64.00,28.30,1,"BGALBSAFUSION|BGALecoliBSAbovineFUSION_01",""
"YLYEIAR",0.00,21.81,0.0,0.791776-0.8732236,684972.9,199.45891,1.00:0.02,684972.9,199.45891,1.00:0.02,342586.16,64.00,19.56,1,"B7WNR0|B7WNR0_HUMAN:A0A0C4DGB6|A0A0C4DGB6_HUMAN:BGALBSAFUSION|BGALecoliBSAbovineFUSION_01:P02768|ALBU_HUMAN:D6RHD5|D6RHD5_HUMAN:H0YA55|H0YA55_HUMAN",""
"YN(+0.98)GVFQ(+0.98)EC(+57.02)C(+57.02)QAEDK",0.00,39.52,0.0,1.0566679-1.0880489,63.439655,0.0,1.00:0.00,63.439655,0.0,1.00:0.00,31.719828,64.00,17.83,1,"BGALBSAFUSION|BGALecoliBSAbovineFUSION_01","Deamidation (NQ); Deamidation (NQ); Carbamidomethylation; Carbamidomethylation"
"YN(+0.98)GVFQEC(+57.02)C(+57.02)QAEDK",0.00,54.54,0.0,1.0252488-1.0902889,16228.693,0.0,1.00:0.00,16228.693,0.0,1.00:0.00,8114.3467,64.00,16.97,1,"BGALBSAFUSION|BGALecoliBSAbovineFUSION_01","Deamidation (NQ); Carbamidomethylation; Carbamidomethylation"
"YN(+0.98)GVFQEC(+57.02)C(+57.02)QAEDKGAC(+57.02)LLPK",0.00,32.52,0.0,0.8777409-0.9386479,20051.482,196.33037,1.00:0.02,20051.482,196.33037,1.00:0.02,10123.906,64.00,27.98,1,"BGALBSAFUSION|BGALecoliBSAbovineFUSION_01","Deamidation (NQ); Carbamidomethylation; Carbamidomethylation; Carbamidomethylation"
"YNGVFQEC(+57.02)C(+57.02)QAED",0.00,40.91,0.0,0.9870453-1.0241259,138.32236,0.0,1.00:0.00,138.32236,0.0,1.00:0.00,69.16118,64.00,18.78,1,"BGALBSAFUSION|BGALecoliBSAbovineFUSION_01","Carbamidomethylation; Carbamidomethylation"
"YNGVFQEC(+57.02)C(+57.02)QAEDK",0.00,63.01,0.0,1.0140183-1.0802072,27182.889,0.0,1.00:0.00,27182.889,0.0,1.00:0.00,13591.444,64.00,16.03,1,"BGALBSAFUSION|BGALecoliBSAbovineFUSION_01","Carbamidomethylation; Carbamidomethylation"
"YNGVFQEC(+57.02)C(+57.02)QAEDKGAC(+57.02)LLPK",0.00,45.71,0.0,0.869835-0.9634207,25670.307,256.5055,1.00:0.02,25670.307,256.5055,1.00:0.02,12963.406,64.00,27.04,1,"BGALBSAFUSION|BGALecoliBSAbovineFUSION_01","Carbamidomethylation; Carbamidomethylation; Carbamidomethylation"
"YSQQQLMETSHR",0.00,43.48,0.0,0.75707614-0.78559643,68.82089,7339.8594,1.00:64.00,68.82089,7339.8594,1.00:64.00,3704.34,64.00,15.48,1,"BGALBSAFUSION|BGALecoliBSAbovineFUSION_01",""
